"id";"ISVU Bodovi";"ISVU Ocjena";"ISVU Rok";"Kontinuirana nastava - bodovi";"Kontinuirana nastava - prolaz";"Kontinuirana nastava - vrijeme";"1. ispitni rok - bodovi";"1. ispitni rok - prolaz";"1. ispitni rok - vrijeme";"2. ispitni rok (ljetni) - bodovi";"2. ispitni rok (ljetni) - prolaz";"2. ispitni rok (ljetni) - vrijeme";"2. ispitni rok (jesenski) - bodovi";"2. ispitni rok (jesenski) - prolaz";"2. ispitni rok (jesenski) - vrijeme";"Dekanski rok - bodovi";"Dekanski rok - prolaz";"Dekanski rok - vrijeme"
"004091a8";"";"";"";7;"";"2021-02-09";0.0;"";"2020-11-06";0.0;"";"2021-04-13";0;"";"2021-04-13";0;"";"2021-09-10"
"01b29f7c";"";"";"";35;"";"2021-02-09";25.0;"";"2021-02-18";0.0;"";"2021-04-13";6;"";"2021-09-10";0;"";"2021-09-10"
"01df2c26";45.31;2.0;"2021-07-13";39;"";"2021-02-09";0.0;"";"2020-11-06";45.31;"DA ";"2021-07-15";0;"";"2021-04-13";0;"";"2021-09-10"
"033a4f0c";"";"";"";1;"";"2021-02-09";12.5;"";"2021-02-18";0.0;"";"2021-04-13";0;"";"2021-04-13";0;"";"2021-09-10"
"0431c61d";84.0;4.0;"2021-02-01";84;"DA ";"2021-02-09";0.0;"";"2020-11-06";0.0;"";"2021-04-13";0;"";"2021-04-13";0;"";"2021-09-10"
"04cf5713";60.0;3.0;"2021-02-01";60;"DA ";"2021-02-09";0.0;"";"2020-11-06";0.0;"";"2021-04-13";0;"";"2021-04-13";0;"";"2021-09-10"
"0669618f";"";"";"";0;"";"2021-02-09";0.0;"";"2020-11-06";0.0;"";"2021-04-13";0;"";"2021-04-13";0;"";"2021-09-10"
"06845107";63.0;3.0;"2021-02-01";63;"DA ";"2021-02-09";0.0;"";"2020-11-06";0.0;"";"2021-04-13";0;"";"2021-04-13";0;"";"2021-09-10"
"06f4f75b";47.0;2.0;"2021-02-01";47;"DA ";"2021-02-09";0.0;"";"2020-11-06";0.0;"";"2021-04-13";0;"";"2021-04-13";0;"";"2021-09-10"
"0732523f";69.0;3.0;"2021-02-01";69;"DA ";"2021-02-09";0.0;"";"2020-11-06";0.0;"";"2021-04-13";0;"";"2021-04-13";0;"";"2021-09-10"
"073fd3c7";"";"";"";5;"";"2021-02-09";18.75;"";"2021-02-18";0.0;"";"2021-04-13";14;"";"2021-09-10";0;"";"2021-09-10"
"07691dfe";"";"";"";8;"";"2021-02-09";3.125;"";"2021-02-18";0.0;"";"2021-04-13";6;"";"2021-09-10";0;"";"2021-09-10"
"078a4697";48.4375;2.0;"2021-02-15";40;"";"2021-02-09";48.4375;"DA ";"2021-02-18";0.0;"";"2021-04-13";0;"";"2021-04-13";0;"";"2021-09-10"
"07c31d10";57.0;3.0;"2021-02-01";57;"DA ";"2021-02-09";0.0;"";"2020-11-06";0.0;"";"2021-04-13";0;"";"2021-04-13";0;"";"2021-09-10"
"088725df";"";"";"";11;"";"2021-02-09";4.6875;"";"2021-02-18";7.81;"";"2021-07-15";0;"";"2021-04-13";0;"";"2021-09-10"
"0907661e";55.0;3.0;"2021-09-14";40;"";"2021-02-09";31.25;"";"2021-02-18";0.0;"";"2021-04-13";41;"";"2021-09-10";55;"DA ";"2021-09-15"
"0918cc9d";72.0;4.0;"2021-02-01";72;"DA ";"2021-02-09";0.0;"";"2020-11-06";0.0;"";"2021-04-13";0;"";"2021-04-13";0;"";"2021-09-10"
"091b3f1e";83.0;4.0;"2021-02-01";83;"DA ";"2021-02-09";0.0;"";"2020-11-06";0.0;"";"2021-04-13";0;"";"2021-04-13";0;"";"2021-09-10"
"09271404";46.875;2.0;"2021-02-15";41;"";"2021-02-09";46.875;"DA ";"2021-02-19";0.0;"";"2021-04-13";0;"";"2021-04-13";0;"";"2021-09-10"
"09855412";64.0;3.0;"2021-02-01";64;"DA ";"2021-02-09";0.0;"";"2020-11-06";0.0;"";"2021-04-13";0;"";"2021-04-13";0;"";"2021-09-10"
"09962d6c";67.0;3.0;"2021-02-01";67;"DA ";"2021-02-09";0.0;"";"2020-11-06";0.0;"";"2021-04-13";0;"";"2021-04-13";0;"";"2021-09-10"
"09f6134c";99.0;5.0;"2021-02-01";99;"DA ";"2021-02-09";0.0;"";"2020-11-06";0.0;"";"2021-04-13";0;"";"2021-04-13";0;"";"2021-09-10"
"0a2f062b";53.125;2.0;"2021-02-15";26;"";"2021-02-09";53.125;"DA ";"2021-02-18";0.0;"";"2021-04-13";0;"";"2021-04-13";0;"";"2021-09-10"
"0a483cee";"";"";"";0;"";"2021-02-09";0.0;"";"2020-11-06";0.0;"";"2021-04-13";0;"";"2021-04-13";0;"";"2021-09-10"
"0acd59b4";74.0;4.0;"2021-02-01";74;"DA ";"2021-02-09";0.0;"";"2020-11-06";0.0;"";"2021-04-13";0;"";"2021-04-13";0;"";"2021-09-10"
"0e08f0d2";"";"";"";0;"";"2021-02-09";0.0;"";"2020-11-06";0.0;"";"2021-04-13";0;"";"2021-04-13";0;"";"2021-09-10"
"0e3471a9";96.0;5.0;"2021-02-01";96;"DA ";"2021-02-09";0.0;"";"2020-11-06";0.0;"";"2021-04-13";0;"";"2021-04-13";0;"";"2021-09-10"
"0e657a2c";"";"";"";34;"";"2021-02-09";26.5625;"";"2021-02-18";25.0;"";"2021-07-15";0;"";"2021-04-13";0;"";"2021-09-10"
"0eb2210b";57.0;3.0;"2021-02-01";57;"DA ";"2021-02-09";0.0;"";"2020-11-06";0.0;"";"2021-04-13";0;"";"2021-04-13";0;"";"2021-09-10"
"0eb66257";45.0;2.0;"2021-02-01";45;"DA ";"2021-02-10";0.0;"";"2020-11-06";0.0;"";"2021-04-13";0;"";"2021-04-13";0;"";"2021-09-10"
"0f230248";57.8125;3.0;"2021-02-15";38;"";"2021-02-09";57.8125;"DA ";"2021-02-19";0.0;"";"2021-04-13";0;"";"2021-04-13";0;"";"2021-09-10"
"0f9b4c20";88.0;5.0;"2021-02-01";88;"DA ";"2021-02-09";0.0;"";"2020-11-06";0.0;"";"2021-04-13";0;"";"2021-04-13";0;"";"2021-09-10"
"0ffd4212";100.0;5.0;"2021-02-01";100;"DA ";"2021-02-09";0.0;"";"2020-11-06";0.0;"";"2021-04-13";0;"";"2021-04-13";0;"";"2021-09-10"
"0fffba47";45.0;2.0;"2021-02-01";45;"DA ";"2021-02-09";0.0;"";"2020-11-06";0.0;"";"2021-04-13";0;"";"2021-04-13";0;"";"2021-09-10"
"104b7ffb";45.0;2.0;"2021-02-01";45;"DA ";"2021-02-09";0.0;"";"2020-11-06";0.0;"";"2021-04-13";0;"";"2021-04-13";0;"";"2021-09-10"
"1072895d";49.0;2.0;"2021-02-01";49;"DA ";"2021-02-09";0.0;"";"2020-11-06";0.0;"";"2021-04-13";0;"";"2021-04-13";0;"";"2021-09-10"
"10d837c6";"";"";"";41;"";"2021-02-09";39.0625;"";"2021-02-18";0.0;"";"2021-04-13";0;"";"2021-04-13";0;"";"2021-09-10"
"11047add";73.0;4.0;"2021-02-01";73;"DA ";"2021-02-09";0.0;"";"2020-11-06";0.0;"";"2021-04-13";0;"";"2021-04-13";0;"";"2021-09-10"
"11e60b6f";55.0;3.0;"2021-02-01";55;"DA ";"2021-02-09";0.0;"";"2020-11-06";0.0;"";"2021-04-13";0;"";"2021-04-13";0;"";"2021-09-10"
"12223bf5";70.0;4.0;"2021-02-01";70;"DA ";"2021-02-10";0.0;"";"2020-11-06";0.0;"";"2021-04-13";0;"";"2021-04-13";0;"";"2021-09-10"
"12f97116";"";"";"";3;"";"2021-02-09";0.0;"";"2020-11-06";0.0;"";"2021-04-13";0;"";"2021-04-13";2;"";"2021-09-15"
"133304c2";57.0;3.0;"2021-02-01";57;"DA ";"2021-02-09";0.0;"";"2020-11-06";0.0;"";"2021-04-13";0;"";"2021-04-13";0;"";"2021-09-10"
"136a2f10";"";"";"";0;"";"2021-02-09";0.0;"";"2020-11-06";0.0;"";"2021-04-13";0;"";"2021-04-13";0;"";"2021-09-10"
"1385d479";53.0;2.0;"2021-02-01";53;"DA ";"2021-02-10";0.0;"";"2020-11-06";0.0;"";"2021-04-13";0;"";"2021-04-13";0;"";"2021-09-10"
"13c41e76";56.0;3.0;"2021-02-01";56;"DA ";"2021-02-09";0.0;"";"2020-11-06";0.0;"";"2021-04-13";0;"";"2021-04-13";0;"";"2021-09-10"
"140a5351";57.0;3.0;"2021-02-01";57;"DA ";"2021-02-09";0.0;"";"2020-11-06";0.0;"";"2021-04-13";0;"";"2021-04-13";0;"";"2021-09-10"
"1524bf3c";58.0;3.0;"2021-02-01";58;"DA ";"2021-02-09";0.0;"";"2020-11-06";0.0;"";"2021-04-13";0;"";"2021-04-13";0;"";"2021-09-10"
"1591139e";56.0;3.0;"2021-02-01";56;"DA ";"2021-02-09";0.0;"";"2020-11-06";0.0;"";"2021-04-13";0;"";"2021-04-13";0;"";"2021-09-10"
"17f0d31c";"";"";"";0;"";"2021-02-09";0.0;"";"2020-11-06";0.0;"";"2021-04-13";0;"";"2021-04-13";0;"";"2021-09-10"
"1884ed6a";"";"";"";0;"";"2021-02-09";0.0;"";"2020-11-06";0.0;"";"2021-04-13";0;"";"2021-04-13";0;"";"2021-09-10"
"190c8d86";47.0;2.0;"2021-02-01";47;"DA ";"2021-02-09";0.0;"";"2020-11-06";0.0;"";"2021-04-13";0;"";"2021-04-13";0;"";"2021-09-10"
"194e3497";73.0;4.0;"2021-02-01";73;"DA ";"2021-02-09";0.0;"";"2020-11-06";0.0;"";"2021-04-13";0;"";"2021-04-13";0;"";"2021-09-10"
"1985ac04";"";"";"";0;"";"2021-02-09";0.0;"";"2020-11-06";0.0;"";"2021-04-13";0;"";"2021-04-13";0;"";"2021-09-10"
"198ad20a";72.0;4.0;"2021-02-01";72;"DA ";"2021-02-09";0.0;"";"2020-11-06";0.0;"";"2021-04-13";0;"";"2021-04-13";0;"";"2021-09-10"
"19a2bb28";47.0;2.0;"2021-02-01";47;"DA ";"2021-02-09";0.0;"";"2020-11-06";0.0;"";"2021-04-13";0;"";"2021-04-13";0;"";"2021-09-10"
"1a83bfac";53.0;2.0;"2021-09-14";35;"";"2021-02-09";28.125;"";"2021-02-18";34.38;"";"2021-07-15";0;"";"2021-04-13";53;"DA ";"2021-09-15"
"1a9c8e4e";"";"";"";0;"";"2021-02-09";0.0;"";"2020-11-06";0.0;"";"2021-04-13";0;"";"2021-04-13";0;"";"2021-09-10"
"1b04a4c1";"";"";"";0;"";"2021-02-09";0.0;"";"2020-11-06";0.0;"";"2021-04-13";0;"";"2021-04-13";0;"";"2021-09-10"
"1bcfc415";48.4375;2.0;"2021-02-15";40;"";"2021-02-09";48.4375;"DA ";"2021-02-18";0.0;"";"2021-04-13";0;"";"2021-04-13";0;"";"2021-09-10"
"1bea3d22";56.0;3.0;"2021-02-01";56;"DA ";"2021-02-09";0.0;"";"2020-11-06";0.0;"";"2021-04-13";0;"";"2021-04-13";0;"";"2021-09-10"
"1bea4f45";45.0;2.0;"2021-02-01";45;"DA ";"2021-02-10";0.0;"";"2020-11-06";0.0;"";"2021-04-13";0;"";"2021-04-13";0;"";"2021-09-10"
"1c6ad9df";63.0;3.0;"2021-02-01";63;"DA ";"2021-02-09";0.0;"";"2020-11-06";0.0;"";"2021-04-13";0;"";"2021-04-13";0;"";"2021-09-10"
"1c9e7278";"";"";"";0;"";"2021-02-09";0.0;"";"2020-11-06";0.0;"";"2021-04-13";23;"";"2021-09-10";0;"";"2021-09-10"
"1d494316";47.0;2.0;"2021-09-07";25;"";"2021-02-09";26.5625;"";"2021-02-18";0.0;"";"2021-04-13";47;"DA ";"2021-09-10";0;"";"2021-09-10"
"1d4cd454";60.0;3.0;"2021-02-01";60;"DA ";"2021-02-09";0.0;"";"2020-11-06";0.0;"";"2021-04-13";0;"";"2021-04-13";0;"";"2021-09-10"
"1dc278b4";65.0;3.0;"2021-02-01";65;"DA ";"2021-02-09";0.0;"";"2020-11-06";0.0;"";"2021-04-13";0;"";"2021-04-13";0;"";"2021-09-10"
"1dd7674a";55.0;3.0;"2021-02-01";55;"DA ";"2021-02-10";0.0;"";"2020-11-06";0.0;"";"2021-04-13";0;"";"2021-04-13";0;"";"2021-09-10"
"1e2278c0";46.0;2.0;"2021-02-01";46;"DA ";"2021-02-09";0.0;"";"2020-11-06";0.0;"";"2021-04-13";0;"";"2021-04-13";0;"";"2021-09-10"
"1e40e5b5";89.0;5.0;"2021-02-01";89;"DA ";"2021-02-09";0.0;"";"2020-11-06";0.0;"";"2021-04-13";0;"";"2021-04-13";0;"";"2021-09-10"
"1e672b06";63.0;3.0;"2021-02-01";63;"DA ";"2021-02-09";0.0;"";"2020-11-06";0.0;"";"2021-04-13";0;"";"2021-04-13";0;"";"2021-09-10"
"1e8cd622";70.0;4.0;"2021-02-01";70;"DA ";"2021-02-09";0.0;"";"2020-11-06";0.0;"";"2021-04-13";0;"";"2021-04-13";0;"";"2021-09-10"
"1f6b9c94";75.0;4.0;"2021-02-01";75;"DA ";"2021-02-09";0.0;"";"2020-11-06";0.0;"";"2021-04-13";0;"";"2021-04-13";0;"";"2021-09-10"
"1f95c8fe";"";"";"";0;"";"2021-02-09";0.0;"";"2020-11-06";0.0;"";"2021-04-13";0;"";"2021-04-13";0;"";"2021-09-10"
"207efb35";89.0;5.0;"2021-02-01";89;"DA ";"2021-02-09";0.0;"";"2020-11-06";0.0;"";"2021-04-13";0;"";"2021-04-13";0;"";"2021-09-10"
"20a6653e";46.0;2.0;"2021-02-01";46;"DA ";"2021-02-09";0.0;"";"2020-11-06";0.0;"";"2021-04-13";0;"";"2021-04-13";0;"";"2021-09-10"
"21224563";96.0;5.0;"2021-02-01";96;"DA ";"2021-02-09";0.0;"";"2020-11-06";0.0;"";"2021-04-13";0;"";"2021-04-13";0;"";"2021-09-10"
"21c0e7aa";"";"";"";4;"";"2021-02-09";0.0;"";"2020-11-06";0.0;"";"2021-04-13";0;"";"2021-04-13";0;"";"2021-09-10"
"21de1e6b";45.0;2.0;"2021-09-14";26;"";"2021-02-09";0.0;"";"2020-11-06";0.0;"";"2021-04-13";2;"";"2021-09-10";45;"DA ";"2021-09-15"
"222053b7";"";"";"";24;"";"2021-02-09";28.125;"";"2021-02-18";0.0;"";"2021-04-13";9;"";"2021-09-10";0;"";"2021-09-10"
"23a9ffa9";"";"";"";0;"";"2021-02-09";0.0;"";"2020-11-06";0.0;"";"2021-04-13";0;"";"2021-04-13";0;"";"2021-09-10"
"23ae53b7";65.0;3.0;"2021-02-01";65;"DA ";"2021-02-09";0.0;"";"2020-11-06";0.0;"";"2021-04-13";0;"";"2021-04-13";0;"";"2021-09-10"
"23cf42e9";45.3125;2.0;"2021-02-15";38;"";"2021-02-09";45.3125;"DA ";"2021-02-18";0.0;"";"2021-04-13";0;"";"2021-04-13";0;"";"2021-09-10"
"249a8118";60.0;3.0;"2021-02-01";60;"DA ";"2021-02-09";0.0;"";"2020-11-06";0.0;"";"2021-04-13";0;"";"2021-04-13";0;"";"2021-09-10"
"24a37189";46.875;2.0;"2021-02-15";32;"";"2021-02-09";46.875;"DA ";"2021-02-18";0.0;"";"2021-04-13";0;"";"2021-04-13";0;"";"2021-09-10"
"24db08ec";"";"";"";5;"";"2021-02-09";0.0;"";"2020-11-06";0.0;"";"2021-04-13";0;"";"2021-04-13";0;"";"2021-09-10"
"2529ede3";48.4375;2.0;"2021-02-15";28;"";"2021-02-09";48.4375;"DA ";"2021-02-18";0.0;"";"2021-04-13";0;"";"2021-04-13";0;"";"2021-09-10"
"259fbae7";92.0;5.0;"2021-02-01";92;"DA ";"2021-02-09";0.0;"";"2020-11-06";0.0;"";"2021-04-13";0;"";"2021-04-13";0;"";"2021-09-10"
"25ad9546";47.0;2.0;"2021-09-07";33;"";"2021-02-09";39.0625;"";"2021-02-18";0.0;"";"2021-04-13";47;"DA ";"2021-09-13";0;"";"2021-09-10"
"26cd46e8";58.0;3.0;"2021-02-01";58;"DA ";"2021-02-09";0.0;"";"2020-11-06";0.0;"";"2021-04-13";0;"";"2021-04-13";0;"";"2021-09-10"
"26fa5cb9";"";"";"";28;"";"2021-02-09";0.0;"";"2020-11-06";0.0;"";"2021-04-13";0;"";"2021-04-13";0;"";"2021-09-10"
"272f9174";45.3125;2.0;"2021-02-15";33;"";"2021-02-09";45.3125;"DA ";"2021-02-18";0.0;"";"2021-04-13";0;"";"2021-04-13";0;"";"2021-09-10"
"2744a042";85.0;5.0;"2021-02-01";85;"DA ";"2021-02-09";0.0;"";"2020-11-06";0.0;"";"2021-04-13";0;"";"2021-04-13";0;"";"2021-09-10"
"278ee855";"";"";"";0;"";"2021-02-09";7.8125;"";"2021-02-18";0.0;"";"2021-04-13";0;"";"2021-04-13";0;"";"2021-09-10"
"27ce0039";85.0;5.0;"2021-02-01";85;"DA ";"2021-02-09";0.0;"";"2020-11-06";0.0;"";"2021-04-13";0;"";"2021-04-13";0;"";"2021-09-10"
"27cf0b88";70.0;4.0;"2021-02-01";70;"DA ";"2021-02-10";0.0;"";"2020-11-06";0.0;"";"2021-04-13";0;"";"2021-04-13";0;"";"2021-09-10"
"27fcf452";84.0;4.0;"2021-02-01";84;"DA ";"2021-02-09";0.0;"";"2020-11-06";0.0;"";"2021-04-13";0;"";"2021-04-13";0;"";"2021-09-10"
"288e729c";"";"";"";32;"";"2021-02-09";26.5625;"";"2021-02-18";0.0;"";"2021-04-13";19;"";"2021-09-10";23;"";"2021-09-15"
"28bbede9";81.0;4.0;"2021-02-01";81;"DA ";"2021-02-09";0.0;"";"2020-11-06";0.0;"";"2021-04-13";0;"";"2021-04-13";0;"";"2021-09-10"
"290b4710";"";"";"";0;"";"2021-02-09";0.0;"";"2020-11-06";0.0;"";"2021-04-13";0;"";"2021-04-13";0;"";"2021-09-10"
"298824b2";69.0;3.0;"2021-02-01";69;"DA ";"2021-02-09";0.0;"";"2020-11-06";0.0;"";"2021-04-13";0;"";"2021-04-13";0;"";"2021-09-10"
"299484fd";53.125;2.0;"2021-02-15";40;"";"2021-02-09";53.125;"DA ";"2021-02-18";0.0;"";"2021-04-13";0;"";"2021-04-13";0;"";"2021-09-10"
"29c1231b";45.3125;2.0;"2021-02-15";29;"";"2021-02-09";45.3125;"DA ";"2021-02-19";0.0;"";"2021-04-13";0;"";"2021-04-13";0;"";"2021-09-10"
"2a63b08f";45.3125;2.0;"2021-02-15";39;"";"2021-02-09";45.3125;"DA ";"2021-02-19";0.0;"";"2021-04-13";0;"";"2021-04-13";0;"";"2021-09-10"
"2a6a32dd";88.0;5.0;"2021-02-01";88;"DA ";"2021-02-09";0.0;"";"2020-11-06";0.0;"";"2021-04-13";0;"";"2021-04-13";0;"";"2021-09-10"
"2a713a16";"";"";"";35;"";"2021-02-09";29.6875;"";"2021-02-18";0.0;"";"2021-04-13";9;"";"2021-09-10";0;"";"2021-09-10"
"2b64a7a8";"";"";"";0;"";"2021-02-09";0.0;"";"2020-11-06";0.0;"";"2021-04-13";0;"";"2021-04-13";0;"";"2021-09-10"
"2bb28572";"";"";"";0;"";"2021-02-09";0.0;"";"2020-11-06";0.0;"";"2021-04-13";41;"";"2021-09-10";0;"";"2021-09-10"
"2bede720";50.0;2.0;"2021-02-01";50;"DA ";"2021-02-09";0.0;"";"2020-11-06";0.0;"";"2021-04-13";0;"";"2021-04-13";0;"";"2021-09-10"
"2c374c6e";49.0;2.0;"2021-02-01";49;"DA ";"2021-02-09";0.0;"";"2020-11-06";0.0;"";"2021-04-13";0;"";"2021-04-13";0;"";"2021-09-10"
"2c71c3fa";60.0;3.0;"2021-02-01";60;"DA ";"2021-02-09";0.0;"";"2020-11-06";0.0;"";"2021-04-13";0;"";"2021-04-13";0;"";"2021-09-10"
"2cc7ad40";51.5625;2.0;"2021-02-15";41;"";"2021-02-09";51.5625;"DA ";"2021-02-18";0.0;"";"2021-04-13";0;"";"2021-04-13";0;"";"2021-09-10"
"2d15544f";"";"";"";21;"";"2021-02-09";12.5;"";"2021-02-18";0.0;"";"2021-04-13";0;"";"2021-04-13";13;"";"2021-09-15"
"2db98583";51.5625;2.0;"2021-02-15";42;"";"2021-02-09";51.5625;"DA ";"2021-02-18";0.0;"";"2021-04-13";0;"";"2021-04-13";0;"";"2021-09-10"
"2e35e7be";"";"";"";0;"";"2021-02-09";0.0;"";"2020-11-06";0.0;"";"2021-04-13";0;"";"2021-04-13";0;"";"2021-09-10"
"2eb6337c";45.0;2.0;"2021-02-01";45;"DA ";"2021-02-09";0.0;"";"2020-11-06";0.0;"";"2021-04-13";0;"";"2021-04-13";0;"";"2021-09-10"
"2eee001a";83.0;4.0;"2021-02-01";83;"DA ";"2021-02-09";0.0;"";"2020-11-06";0.0;"";"2021-04-13";0;"";"2021-04-13";0;"";"2021-09-10"
"2f180ace";"";"";"";0;"";"2021-02-09";0.0;"";"2020-11-06";0.0;"";"2021-04-13";0;"";"2021-04-13";0;"";"2021-09-10"
"2f33cc5c";73.0;4.0;"2021-02-01";73;"DA ";"2021-02-09";0.0;"";"2020-11-06";0.0;"";"2021-04-13";0;"";"2021-04-13";0;"";"2021-09-10"
"2f52e74a";69.0;3.0;"2021-02-01";69;"DA ";"2021-02-09";0.0;"";"2020-11-06";0.0;"";"2021-04-13";0;"";"2021-04-13";0;"";"2021-09-10"
"2f64e6fa";60.0;3.0;"2021-02-01";60;"DA ";"2021-02-09";0.0;"";"2020-11-06";0.0;"";"2021-04-13";0;"";"2021-04-13";0;"";"2021-09-10"
"2fe212b8";50.0;2.0;"2021-02-01";50;"DA ";"2021-02-09";0.0;"";"2020-11-06";0.0;"";"2021-04-13";0;"";"2021-04-13";0;"";"2021-09-10"
"3030215f";"";"";"";30;"";"2021-02-09";37.5;"";"2021-02-18";0.0;"";"2021-04-13";27;"";"2021-09-10";0;"";"2021-09-10"
"309a636d";"";"";"";0;"";"2021-02-09";0.0;"";"2020-11-06";0.0;"";"2021-04-13";0;"";"2021-04-13";0;"";"2021-09-10"
"30a7c5ff";86.0;5.0;"2021-02-01";86;"DA ";"2021-02-09";0.0;"";"2020-11-06";0.0;"";"2021-04-13";0;"";"2021-04-13";0;"";"2021-09-10"
"313a6eb6";52.0;2.0;"2021-02-01";52;"DA ";"2021-02-09";0.0;"";"2020-11-06";0.0;"";"2021-04-13";0;"";"2021-04-13";0;"";"2021-09-10"
"3217ddcc";"";"";"";26;"";"2021-02-09";23.4375;"";"2021-02-18";14.06;"";"2021-07-15";0;"";"2021-04-13";0;"";"2021-09-10"
"32f4b1ba";45.0;2.0;"2021-02-01";45;"DA ";"2021-02-09";0.0;"";"2020-11-06";0.0;"";"2021-04-13";0;"";"2021-04-13";0;"";"2021-09-10"
"333260e2";51.0;2.0;"2021-02-01";51;"DA ";"2021-02-09";0.0;"";"2020-11-06";0.0;"";"2021-04-13";0;"";"2021-04-13";0;"";"2021-09-10"
"3458bef9";69.0;3.0;"2021-02-01";69;"DA ";"2021-02-09";0.0;"";"2020-11-06";0.0;"";"2021-04-13";0;"";"2021-04-13";0;"";"2021-09-10"
"35808cbc";"";"";"";30;"";"2021-02-09";0.0;"";"2020-11-06";0.0;"";"2021-04-13";5;"";"2021-09-10";0;"";"2021-09-10"
"35bbcb9d";"";"";"";0;"";"2021-02-09";0.0;"";"2020-11-06";0.0;"";"2021-04-13";0;"";"2021-04-13";0;"";"2021-09-10"
"35d505fe";53.0;2.0;"2021-02-01";53;"DA ";"2021-02-09";0.0;"";"2020-11-06";0.0;"";"2021-04-13";0;"";"2021-04-13";0;"";"2021-09-10"
"36338ba3";"";"";"";5;"";"2021-02-09";0.0;"";"2020-11-06";0.0;"";"2021-04-13";0;"";"2021-04-13";0;"";"2021-09-10"
"36b66e6e";"";"";"";9;"";"2021-02-09";10.9375;"";"2021-02-18";0.0;"";"2021-04-13";0;"";"2021-04-13";0;"";"2021-09-10"
"38026a20";45.3125;2.0;"2021-02-15";30;"";"2021-02-09";45.3125;"DA ";"2021-02-18";0.0;"";"2021-04-13";0;"";"2021-04-13";0;"";"2021-09-10"
"38494fec";79.0;4.0;"2021-02-01";79;"DA ";"2021-02-09";0.0;"";"2020-11-06";0.0;"";"2021-04-13";0;"";"2021-04-13";0;"";"2021-09-10"
"388fc0dd";"";"";"";0;"";"2021-02-09";0.0;"";"2020-11-06";0.0;"";"2021-04-13";0;"";"2021-04-13";0;"";"2021-09-10"
"38d8e496";80.0;4.0;"2021-02-01";80;"DA ";"2021-02-09";0.0;"";"2020-11-06";0.0;"";"2021-04-13";0;"";"2021-04-13";0;"";"2021-09-10"
"38fe13cf";53.0;2.0;"2021-02-01";53;"DA ";"2021-02-09";0.0;"";"2020-11-06";0.0;"";"2021-04-13";0;"";"2021-04-13";0;"";"2021-09-10"
"393a7097";"";"";"";6;"";"2021-02-09";0.0;"";"2020-11-06";0.0;"";"2021-04-13";0;"";"2021-04-13";0;"";"2021-09-10"
"399af182";90.0;5.0;"2021-02-01";90;"DA ";"2021-02-09";0.0;"";"2020-11-06";0.0;"";"2021-04-13";0;"";"2021-04-13";0;"";"2021-09-10"
"39dd9137";68.0;3.0;"2021-02-01";68;"DA ";"2021-02-09";0.0;"";"2020-11-06";0.0;"";"2021-04-13";0;"";"2021-04-13";0;"";"2021-09-10"
"3a5bc48e";50.0;2.0;"2021-02-01";50;"DA ";"2021-02-09";0.0;"";"2020-11-06";0.0;"";"2021-04-13";0;"";"2021-04-13";0;"";"2021-09-10"
"3b323b93";70.3125;4.0;"2021-02-15";41;"";"2021-02-09";70.3125;"DA ";"2021-02-19";0.0;"";"2021-04-13";0;"";"2021-04-13";0;"";"2021-09-10"
"3b405615";66.0;3.0;"2021-02-01";66;"DA ";"2021-02-09";0.0;"";"2020-11-06";0.0;"";"2021-04-13";0;"";"2021-04-13";0;"";"2021-09-10"
"3b7d5043";"";"";"";1;"";"2021-02-09";23.4375;"";"2021-02-18";0.0;"";"2021-04-13";6;"";"2021-09-10";0;"";"2021-09-10"
"3bb5108a";48.0;2.0;"2021-02-01";48;"DA ";"2021-02-09";0.0;"";"2020-11-06";0.0;"";"2021-04-13";0;"";"2021-04-13";0;"";"2021-09-10"
"3bbc5de3";60.0;3.0;"2021-02-01";60;"DA ";"2021-02-09";0.0;"";"2020-11-06";0.0;"";"2021-04-13";0;"";"2021-04-13";0;"";"2021-09-10"
"3bfbda39";45.3125;2.0;"2021-02-15";17;"";"2021-02-09";45.3125;"DA ";"2021-02-18";0.0;"";"2021-04-13";0;"";"2021-04-13";0;"";"2021-09-10"
"3c14c102";47.0;2.0;"2021-02-01";47;"DA ";"2021-02-09";0.0;"";"2020-11-06";0.0;"";"2021-04-13";0;"";"2021-04-13";0;"";"2021-09-10"
"3c1a9906";77.0;4.0;"2021-02-01";77;"DA ";"2021-02-09";0.0;"";"2020-11-06";0.0;"";"2021-04-13";0;"";"2021-04-13";0;"";"2021-09-10"
"3cbd5e8b";"";"";"";41;"";"2021-02-09";35.9375;"";"2021-02-18";0.0;"";"2021-04-13";31;"";"2021-09-10";0;"";"2021-09-10"
"3cd2bc18";99.0;5.0;"2021-02-01";99;"DA ";"2021-02-09";0.0;"";"2020-11-06";0.0;"";"2021-04-13";0;"";"2021-04-13";0;"";"2021-09-10"
"3d544473";52.0;2.0;"2021-02-01";52;"DA ";"2021-02-09";0.0;"";"2020-11-06";0.0;"";"2021-04-13";0;"";"2021-04-13";0;"";"2021-09-10"
"3d8918c2";87.0;5.0;"2021-02-01";87;"DA ";"2021-02-09";0.0;"";"2020-11-06";0.0;"";"2021-04-13";0;"";"2021-04-13";0;"";"2021-09-10"
"3d9c4a71";90.0;5.0;"2021-02-01";90;"DA ";"2021-02-09";0.0;"";"2020-11-06";0.0;"";"2021-04-13";0;"";"2021-04-13";0;"";"2021-09-10"
"3db1a058";"";"";"";34;"";"2021-02-09";34.375;"";"2021-02-18";0.0;"";"2021-04-13";5;"";"2021-09-10";0;"";"2021-09-10"
"3e69e3c7";66.0;3.0;"2021-02-01";66;"DA ";"2021-02-09";0.0;"";"2020-11-06";0.0;"";"2021-04-13";0;"";"2021-04-13";0;"";"2021-09-10"
"3e70169c";48.0;2.0;"2021-02-01";48;"DA ";"2021-02-09";0.0;"";"2020-11-06";0.0;"";"2021-04-13";0;"";"2021-04-13";0;"";"2021-09-10"
"3ef2d666";78.0;4.0;"2021-02-01";78;"DA ";"2021-02-09";0.0;"";"2020-11-06";0.0;"";"2021-04-13";0;"";"2021-04-13";0;"";"2021-09-10"
"3f4d7288";"";"";"";7;"";"2021-02-09";0.0;"";"2020-11-06";0.0;"";"2021-04-13";2;"";"2021-09-10";0;"";"2021-09-10"
"3f60d83b";58.0;3.0;"2021-02-01";58;"DA ";"2021-02-09";0.0;"";"2020-11-06";0.0;"";"2021-04-13";0;"";"2021-04-13";0;"";"2021-09-10"
"3fe7863f";52.0;2.0;"2021-02-01";52;"DA ";"2021-02-09";0.0;"";"2020-11-06";0.0;"";"2021-04-13";0;"";"2021-04-13";0;"";"2021-09-10"
"3ff6a3c1";45.0;2.0;"2021-02-01";45;"DA ";"2021-02-09";0.0;"";"2020-11-06";0.0;"";"2021-04-13";0;"";"2021-04-13";0;"";"2021-09-10"
"403764ba";"";"";"";16;"";"2021-02-09";0.0;"";"2020-11-06";0.0;"";"2021-04-13";0;"";"2021-04-13";0;"";"2021-09-10"
"41926241";52.0;2.0;"2021-02-01";52;"DA ";"2021-02-09";0.0;"";"2020-11-06";0.0;"";"2021-04-13";0;"";"2021-04-13";0;"";"2021-09-10"
"41972bdf";65.0;3.0;"2021-02-01";65;"DA ";"2021-02-09";0.0;"";"2020-11-06";0.0;"";"2021-04-13";0;"";"2021-04-13";0;"";"2021-09-10"
"419bb32f";"";"";"";23;"";"2021-02-09";23.4375;"";"2021-02-18";0.0;"";"2021-04-13";23;"";"2021-09-10";0;"";"2021-09-10"
"41a7e513";70.0;4.0;"2021-02-01";70;"DA ";"2021-02-09";0.0;"";"2020-11-06";0.0;"";"2021-04-13";0;"";"2021-04-13";0;"";"2021-09-10"
"42eb2f1c";"";"";"";0;"";"2021-02-09";0.0;"";"2020-11-06";0.0;"";"2021-04-13";0;"";"2021-04-13";0;"";"2021-09-10"
"434de556";48.0;2.0;"2021-02-01";48;"DA ";"2021-02-09";0.0;"";"2020-11-06";0.0;"";"2021-04-13";0;"";"2021-04-13";0;"";"2021-09-10"
"43514f70";46.0;2.0;"2021-02-01";46;"DA ";"2021-02-10";0.0;"";"2020-11-06";0.0;"";"2021-04-13";0;"";"2021-04-13";0;"";"2021-09-10"
"43624752";45.0;2.0;"2021-02-01";45;"DA ";"2021-02-10";0.0;"";"2020-11-06";0.0;"";"2021-04-13";0;"";"2021-04-13";0;"";"2021-09-10"
"43698f57";50.0;2.0;"2021-02-01";50;"DA ";"2021-02-09";0.0;"";"2020-11-06";0.0;"";"2021-04-13";0;"";"2021-04-13";0;"";"2021-09-10"
"437c298a";"";"";"";14;"";"2021-02-09";12.5;"";"2021-02-18";21.88;"";"2021-07-15";0;"";"2021-04-13";38;"";"2021-09-15"
"439e0c59";96.0;5.0;"2021-02-01";96;"DA ";"2021-02-09";0.0;"";"2020-11-06";0.0;"";"2021-04-13";0;"";"2021-04-13";0;"";"2021-09-10"
"43df46c4";"";"";"";26;"";"2021-02-09";0.0;"";"2020-11-06";0.0;"";"2021-04-13";0;"";"2021-04-13";0;"";"2021-09-10"
"44199a94";61.0;3.0;"2021-02-01";61;"DA ";"2021-02-09";0.0;"";"2020-11-06";0.0;"";"2021-04-13";0;"";"2021-04-13";0;"";"2021-09-10"
"446a76b0";77.0;4.0;"2021-02-01";77;"DA ";"2021-02-09";0.0;"";"2020-11-06";0.0;"";"2021-04-13";0;"";"2021-04-13";0;"";"2021-09-10"
"447ae6cb";"";"";"";0;"";"2021-02-09";0.0;"";"2020-11-06";0.0;"";"2021-04-13";0;"";"2021-04-13";0;"";"2021-09-10"
"4493ce57";"";"";"";18;"";"2021-02-09";20.3125;"";"2021-02-18";0.0;"";"2021-04-13";0;"";"2021-04-13";0;"";"2021-09-10"
"44b8794a";57.0;3.0;"2021-02-01";57;"DA ";"2021-02-09";0.0;"";"2020-11-06";0.0;"";"2021-04-13";0;"";"2021-04-13";0;"";"2021-09-10"
"44c69286";65.0;3.0;"2021-02-01";65;"DA ";"2021-02-09";0.0;"";"2020-11-06";0.0;"";"2021-04-13";0;"";"2021-04-13";0;"";"2021-09-10"
"44d44f80";75.0;4.0;"2021-02-01";75;"DA ";"2021-02-09";0.0;"";"2020-11-06";0.0;"";"2021-04-13";0;"";"2021-04-13";0;"";"2021-09-10"
"45406af3";62.0;3.0;"2021-02-01";62;"DA ";"2021-02-09";0.0;"";"2020-11-06";0.0;"";"2021-04-13";0;"";"2021-04-13";0;"";"2021-09-10"
"462dba8f";69.0;3.0;"2021-02-01";69;"DA ";"2021-02-09";0.0;"";"2020-11-06";0.0;"";"2021-04-13";0;"";"2021-04-13";0;"";"2021-09-10"
"46560e8d";75.0;4.0;"2021-02-01";75;"DA ";"2021-02-09";0.0;"";"2020-11-06";0.0;"";"2021-04-13";0;"";"2021-04-13";0;"";"2021-09-10"
"4672ea35";96.0;5.0;"2021-02-01";96;"DA ";"2021-02-09";0.0;"";"2020-11-06";0.0;"";"2021-04-13";0;"";"2021-04-13";0;"";"2021-09-10"
"4674ea2e";66.0;3.0;"2021-02-01";66;"DA ";"2021-02-09";0.0;"";"2020-11-06";0.0;"";"2021-04-13";0;"";"2021-04-13";0;"";"2021-09-10"
"46bbf0c5";56.0;3.0;"2021-02-01";56;"DA ";"2021-02-09";0.0;"";"2020-11-06";0.0;"";"2021-04-13";0;"";"2021-04-13";0;"";"2021-09-10"
"476dda97";70.0;4.0;"2021-02-01";70;"DA ";"2021-02-10";0.0;"";"2020-11-06";0.0;"";"2021-04-13";0;"";"2021-04-13";0;"";"2021-09-10"
"479fd8da";55.0;3.0;"2021-02-01";55;"DA ";"2021-02-09";0.0;"";"2020-11-06";0.0;"";"2021-04-13";0;"";"2021-04-13";0;"";"2021-09-10"
"47bb5f11";"";"";"";4;"";"2021-02-09";0.0;"";"2020-11-06";0.0;"";"2021-04-13";0;"";"2021-04-13";0;"";"2021-09-10"
"47c7699d";"";"";"";0;"";"2021-02-09";0.0;"";"2020-11-06";0.0;"";"2021-04-13";0;"";"2021-04-13";0;"";"2021-09-10"
"47c79da7";55.0;3.0;"2021-02-01";55;"DA ";"2021-02-10";0.0;"";"2020-11-06";0.0;"";"2021-04-13";0;"";"2021-04-13";0;"";"2021-09-10"
"47cc7b06";63.0;3.0;"2021-02-01";63;"DA ";"2021-02-09";0.0;"";"2020-11-06";0.0;"";"2021-04-13";0;"";"2021-04-13";0;"";"2021-09-10"
"47def3ea";52.0;2.0;"2021-02-01";52;"DA ";"2021-02-09";0.0;"";"2020-11-06";0.0;"";"2021-04-13";0;"";"2021-04-13";0;"";"2021-09-10"
"4820f162";71.0;4.0;"2021-02-01";71;"DA ";"2021-02-09";0.0;"";"2020-11-06";0.0;"";"2021-04-13";0;"";"2021-04-13";0;"";"2021-09-10"
"48aaa2aa";53.125;2.0;"2021-02-15";32;"";"2021-02-09";53.125;"DA ";"2021-02-18";0.0;"";"2021-04-13";0;"";"2021-04-13";0;"";"2021-09-10"
"4993418a";48.4375;2.0;"2021-02-15";37;"";"2021-02-09";48.4375;"DA ";"2021-02-18";0.0;"";"2021-04-13";0;"";"2021-04-13";0;"";"2021-09-10"
"49c4bba8";71.0;4.0;"2021-02-01";71;"DA ";"2021-02-09";0.0;"";"2020-11-06";0.0;"";"2021-04-13";0;"";"2021-04-13";0;"";"2021-09-10"
"4a194ffd";80.0;4.0;"2021-02-01";80;"DA ";"2021-02-09";0.0;"";"2020-11-06";0.0;"";"2021-04-13";0;"";"2021-04-13";0;"";"2021-09-10"
"4b6484bd";66.0;3.0;"2021-02-01";66;"DA ";"2021-02-09";0.0;"";"2020-11-06";0.0;"";"2021-04-13";0;"";"2021-04-13";0;"";"2021-09-10"
"4bb491e3";57.0;3.0;"2021-02-01";57;"DA ";"2021-02-09";0.0;"";"2020-11-06";0.0;"";"2021-04-13";0;"";"2021-04-13";0;"";"2021-09-10"
"4c46ca14";"";"";"";0;"";"2021-02-09";0.0;"";"2020-11-06";0.0;"";"2021-04-13";38;"";"2021-09-10";0;"";"2021-09-10"
"4cafd0e4";64.0;3.0;"2021-02-01";64;"DA ";"2021-02-09";0.0;"";"2020-11-06";0.0;"";"2021-04-13";0;"";"2021-04-13";0;"";"2021-09-10"
"4cb0f850";"";"";"";27;"";"2021-02-09";0.0;"";"2020-11-06";0.0;"";"2021-04-13";0;"";"2021-04-13";0;"";"2021-09-10"
"4cfa5a4b";51.0;2.0;"2021-02-01";51;"DA ";"2021-02-09";0.0;"";"2020-11-06";0.0;"";"2021-04-13";0;"";"2021-04-13";0;"";"2021-09-10"
"4d976ddb";60.0;3.0;"2021-02-01";60;"DA ";"2021-02-09";0.0;"";"2020-11-06";0.0;"";"2021-04-13";0;"";"2021-04-13";0;"";"2021-09-10"
"4da276b4";76.0;4.0;"2021-02-01";76;"DA ";"2021-02-09";0.0;"";"2020-11-06";0.0;"";"2021-04-13";0;"";"2021-04-13";0;"";"2021-09-10"
"4e239ade";50.0;2.0;"2021-02-01";50;"DA ";"2021-02-09";0.0;"";"2020-11-06";0.0;"";"2021-04-13";0;"";"2021-04-13";0;"";"2021-09-10"
"4e8793f3";"";"";"";39;"";"2021-02-09";35.9375;"";"2021-02-18";40.63;"";"2021-07-15";0;"";"2021-04-13";0;"";"2021-09-10"
"4ea63845";71.875;4.0;"2021-02-15";49;"DA ";"2021-02-09";71.875;"DA ";"2021-02-18";0.0;"";"2021-04-13";0;"";"2021-04-13";0;"";"2021-09-10"
"4eb2b9c1";94.0;5.0;"2021-02-01";94;"DA ";"2021-02-09";0.0;"";"2020-11-06";0.0;"";"2021-04-13";0;"";"2021-04-13";0;"";"2021-09-10"
"4f655aca";72.0;4.0;"2021-02-01";72;"DA ";"2021-02-09";0.0;"";"2020-11-06";0.0;"";"2021-04-13";0;"";"2021-04-13";0;"";"2021-09-10"
"4f79ae09";54.0;2.0;"2021-02-01";54;"DA ";"2021-02-09";0.0;"";"2020-11-06";0.0;"";"2021-04-13";0;"";"2021-04-13";0;"";"2021-09-10"
"4f95b6ae";54.0;2.0;"2021-02-01";54;"DA ";"2021-02-09";0.0;"";"2020-11-06";0.0;"";"2021-04-13";0;"";"2021-04-13";0;"";"2021-09-10"
"50bf5f33";84.0;4.0;"2021-02-01";84;"DA ";"2021-02-09";0.0;"";"2020-11-06";0.0;"";"2021-04-13";0;"";"2021-04-13";0;"";"2021-09-10"
"51aaac78";77.0;4.0;"2021-02-01";77;"DA ";"2021-02-09";0.0;"";"2020-11-06";0.0;"";"2021-04-13";0;"";"2021-04-13";0;"";"2021-09-10"
"51d4c0f1";73.0;4.0;"2021-02-01";73;"DA ";"2021-02-09";0.0;"";"2020-11-06";0.0;"";"2021-04-13";0;"";"2021-04-13";0;"";"2021-09-10"
"51f5a45b";45.0;2.0;"2021-02-01";45;"DA ";"2021-02-10";0.0;"";"2020-11-06";0.0;"";"2021-04-13";0;"";"2021-04-13";0;"";"2021-09-10"
"52adf5b7";47.0;2.0;"2021-02-01";47;"DA ";"2021-02-09";0.0;"";"2020-11-06";0.0;"";"2021-04-13";0;"";"2021-04-13";0;"";"2021-09-10"
"5342ea02";85.0;5.0;"2021-02-01";85;"DA ";"2021-02-09";0.0;"";"2020-11-06";0.0;"";"2021-04-13";0;"";"2021-04-13";0;"";"2021-09-10"
"541fb8bb";93.0;5.0;"2021-02-01";93;"DA ";"2021-02-09";0.0;"";"2020-11-06";0.0;"";"2021-04-13";0;"";"2021-04-13";0;"";"2021-09-10"
"5424d9b3";82.0;4.0;"2021-02-01";82;"DA ";"2021-02-09";0.0;"";"2020-11-06";0.0;"";"2021-04-13";0;"";"2021-04-13";0;"";"2021-09-10"
"5485187a";51.0;2.0;"2021-02-01";51;"DA ";"2021-02-09";0.0;"";"2020-11-06";0.0;"";"2021-04-13";0;"";"2021-04-13";0;"";"2021-09-10"
"549085fa";45.3125;2.0;"2021-02-15";37;"";"2021-02-09";45.3125;"DA ";"2021-02-18";0.0;"";"2021-04-13";0;"";"2021-04-13";0;"";"2021-09-10"
"54a8ce8d";46.0;2.0;"2021-02-01";46;"DA ";"2021-02-09";0.0;"";"2020-11-06";0.0;"";"2021-04-13";0;"";"2021-04-13";0;"";"2021-09-10"
"5573dc90";62.0;3.0;"2021-02-01";62;"DA ";"2021-02-09";0.0;"";"2020-11-06";0.0;"";"2021-04-13";0;"";"2021-04-13";0;"";"2021-09-10"
"557d46e1";71.0;4.0;"2021-02-01";71;"DA ";"2021-02-09";0.0;"";"2020-11-06";0.0;"";"2021-04-13";0;"";"2021-04-13";0;"";"2021-09-10"
"55839b80";45.3125;2.0;"2021-02-15";26;"";"2021-02-09";45.3125;"DA ";"2021-02-19";0.0;"";"2021-04-13";0;"";"2021-04-13";0;"";"2021-09-10"
"5593cc05";"";"";"";0;"";"2021-02-09";0.0;"";"2020-11-06";0.0;"";"2021-04-13";0;"";"2021-04-13";0;"";"2021-09-10"
"55d1ede9";49.0;2.0;"2021-02-01";49;"DA ";"2021-02-09";0.0;"";"2020-11-06";0.0;"";"2021-04-13";0;"";"2021-04-13";0;"";"2021-09-10"
"575e3e3e";74.0;4.0;"2021-02-01";74;"DA ";"2021-02-09";0.0;"";"2020-11-06";0.0;"";"2021-04-13";0;"";"2021-04-13";0;"";"2021-09-10"
"57705489";"";"";"";18;"";"2021-02-09";0.0;"";"2020-11-06";0.0;"";"2021-04-13";0;"";"2021-04-13";0;"";"2021-09-10"
"578888f4";59.0;3.0;"2021-02-01";59;"DA ";"2021-02-09";0.0;"";"2020-11-06";0.0;"";"2021-04-13";0;"";"2021-04-13";0;"";"2021-09-10"
"5791cb09";63.0;3.0;"2021-02-01";63;"DA ";"2021-02-09";0.0;"";"2020-11-06";0.0;"";"2021-04-13";0;"";"2021-04-13";0;"";"2021-09-10"
"57eaa435";94.0;5.0;"2021-02-01";94;"DA ";"2021-02-09";0.0;"";"2020-11-06";0.0;"";"2021-04-13";0;"";"2021-04-13";0;"";"2021-09-10"
"5811a83e";70.0;4.0;"2021-02-01";70;"DA ";"2021-02-10";0.0;"";"2020-11-06";0.0;"";"2021-04-13";0;"";"2021-04-13";0;"";"2021-09-10"
"582366a9";58.0;3.0;"2021-02-01";58;"DA ";"2021-02-09";0.0;"";"2020-11-06";0.0;"";"2021-04-13";0;"";"2021-04-13";0;"";"2021-09-10"
"586305c1";57.8125;3.0;"2021-02-15";42;"";"2021-02-09";57.8125;"DA ";"2021-02-18";0.0;"";"2021-04-13";0;"";"2021-04-13";0;"";"2021-09-10"
"58a07218";45.0;2.0;"2021-02-01";45;"DA ";"2021-02-09";0.0;"";"2020-11-06";0.0;"";"2021-04-13";0;"";"2021-04-13";0;"";"2021-09-10"
"590f9476";50.0;2.0;"2021-02-01";50;"DA ";"2021-02-09";0.0;"";"2020-11-06";0.0;"";"2021-04-13";0;"";"2021-04-13";0;"";"2021-09-10"
"594dbfde";59.375;3.0;"2021-02-15";39;"";"2021-02-09";59.375;"DA ";"2021-02-18";0.0;"";"2021-04-13";0;"";"2021-04-13";0;"";"2021-09-10"
"59a7fb7a";86.0;5.0;"2021-02-01";86;"DA ";"2021-02-09";0.0;"";"2020-11-06";0.0;"";"2021-04-13";0;"";"2021-04-13";0;"";"2021-09-10"
"5a356916";49.0;2.0;"2021-02-01";49;"DA ";"2021-02-10";0.0;"";"2020-11-06";0.0;"";"2021-04-13";0;"";"2021-04-13";0;"";"2021-09-10"
"5a979974";96.0;5.0;"2021-02-01";96;"DA ";"2021-02-09";0.0;"";"2020-11-06";0.0;"";"2021-04-13";0;"";"2021-04-13";0;"";"2021-09-10"
"5ad00b36";71.0;4.0;"2021-02-01";71;"DA ";"2021-02-10";0.0;"";"2020-11-06";0.0;"";"2021-04-13";0;"";"2021-04-13";0;"";"2021-09-10"
"5ad03aea";"";"";"";0;"";"2021-02-09";9.375;"";"2021-02-18";0.0;"";"2021-04-13";19;"";"2021-09-10";0;"";"2021-09-10"
"5ae74169";"";"";"";15;"";"2021-02-09";26.5625;"";"2021-02-18";0.0;"";"2021-04-13";0;"";"2021-04-13";0;"";"2021-09-10"
"5b12517b";49.0;2.0;"2021-02-01";49;"DA ";"2021-02-09";0.0;"";"2020-11-06";0.0;"";"2021-04-13";0;"";"2021-04-13";0;"";"2021-09-10"
"5b3d59be";65.0;3.0;"2021-02-01";65;"DA ";"2021-02-09";0.0;"";"2020-11-06";0.0;"";"2021-04-13";0;"";"2021-04-13";0;"";"2021-09-10"
"5bce5f47";92.0;5.0;"2021-02-01";92;"DA ";"2021-02-09";0.0;"";"2020-11-06";0.0;"";"2021-04-13";0;"";"2021-04-13";0;"";"2021-09-10"
"5c900082";48.4375;2.0;"2021-02-15";30;"";"2021-02-09";48.4375;"DA ";"2021-02-18";0.0;"";"2021-04-13";0;"";"2021-04-13";0;"";"2021-09-10"
"5cf24218";49.0;2.0;"2021-02-01";49;"DA ";"2021-02-09";0.0;"";"2020-11-06";0.0;"";"2021-04-13";0;"";"2021-04-13";0;"";"2021-09-10"
"5d122af9";"";"";"";20;"";"2021-02-09";9.375;"";"2021-02-18";0.0;"";"2021-04-13";0;"";"2021-04-13";0;"";"2021-09-10"
"5dfe0484";"";"";"";9;"";"2021-02-09";14.0625;"";"2021-02-18";0.0;"";"2021-04-13";0;"";"2021-04-13";0;"";"2021-09-10"
"5e9d9785";"";"";"";18;"";"2021-02-09";9.375;"";"2021-02-18";0.0;"";"2021-04-13";0;"";"2021-04-13";0;"";"2021-09-10"
"5f13405f";66.0;3.0;"2021-02-01";66;"DA ";"2021-02-09";0.0;"";"2020-11-06";0.0;"";"2021-04-13";0;"";"2021-04-13";0;"";"2021-09-10"
"5f2cba47";55.0;3.0;"2021-02-01";55;"DA ";"2021-02-10";0.0;"";"2020-11-06";0.0;"";"2021-04-13";0;"";"2021-04-13";0;"";"2021-09-10"
"5f43f2c7";79.0;4.0;"2021-02-01";79;"DA ";"2021-02-10";0.0;"";"2020-11-06";0.0;"";"2021-04-13";0;"";"2021-04-13";0;"";"2021-09-10"
"5f6da534";79.0;4.0;"2021-02-01";79;"DA ";"2021-02-09";0.0;"";"2020-11-06";0.0;"";"2021-04-13";0;"";"2021-04-13";0;"";"2021-09-10"
"6193e086";45.3125;2.0;"2021-02-15";28;"";"2021-02-09";45.3125;"DA ";"2021-02-19";0.0;"";"2021-04-13";0;"";"2021-04-13";0;"";"2021-09-10"
"61a0d2ad";"";"";"";0;"";"2021-02-09";0.0;"";"2020-11-06";0.0;"";"2021-04-13";0;"";"2021-04-13";0;"";"2021-09-10"
"6241a69b";88.0;5.0;"2021-02-01";88;"DA ";"2021-02-09";0.0;"";"2020-11-06";0.0;"";"2021-04-13";0;"";"2021-04-13";0;"";"2021-09-10"
"62c39a10";67.0;3.0;"2021-02-01";67;"DA ";"2021-02-09";0.0;"";"2020-11-06";0.0;"";"2021-04-13";0;"";"2021-04-13";0;"";"2021-09-10"
"62d7e56e";"";"";"";30;"";"2021-02-09";28.125;"";"2021-02-18";0.0;"";"2021-04-13";13;"";"2021-09-10";0;"";"2021-09-10"
"6305c7b7";46.0;2.0;"2021-02-01";46;"DA ";"2021-02-09";0.0;"";"2020-11-06";0.0;"";"2021-04-13";0;"";"2021-04-13";0;"";"2021-09-10"
"6400df74";"";"";"";11;"";"2021-02-09";0.0;"";"2020-11-06";0.0;"";"2021-04-13";0;"";"2021-04-13";0;"";"2021-09-10"
"641caf82";55.0;3.0;"2021-02-01";55;"DA ";"2021-02-09";0.0;"";"2020-11-06";0.0;"";"2021-04-13";0;"";"2021-04-13";0;"";"2021-09-10"
"6471acc1";50.0;2.0;"2021-09-07";12;"";"2021-02-09";31.25;"";"2021-02-18";0.0;"";"2021-04-13";50;"DA ";"2021-09-10";0;"";"2021-09-10"
"648b0420";"";"";"";38;"";"2021-02-09";23.4375;"";"2021-02-18";0.0;"";"2021-04-13";19;"";"2021-09-13";0;"";"2021-09-10"
"6492fc5d";45.3125;2.0;"2021-02-15";31;"";"2021-02-09";45.3125;"DA ";"2021-02-18";0.0;"";"2021-04-13";0;"";"2021-04-13";0;"";"2021-09-10"
"6570666b";76.0;4.0;"2021-02-01";76;"DA ";"2021-02-09";0.0;"";"2020-11-06";0.0;"";"2021-04-13";0;"";"2021-04-13";0;"";"2021-09-10"
"659b0790";52.0;2.0;"2021-02-01";52;"DA ";"2021-02-09";0.0;"";"2020-11-06";0.0;"";"2021-04-13";0;"";"2021-04-13";0;"";"2021-09-10"
"65aec1a0";"";"";"";38;"";"2021-02-09";35.9375;"";"2021-02-18";0.0;"";"2021-04-13";11;"";"2021-09-10";0;"";"2021-09-10"
"65df380f";59.0;3.0;"2021-02-01";59;"DA ";"2021-02-09";0.0;"";"2020-11-06";0.0;"";"2021-04-13";0;"";"2021-04-13";0;"";"2021-09-10"
"663fefbe";"";"";"";0;"";"2021-02-09";0.0;"";"2020-11-06";0.0;"";"2021-04-13";5;"";"2021-09-10";0;"";"2021-09-10"
"66939d69";"";"";"";0;"";"2021-02-09";0.0;"";"2020-11-06";0.0;"";"2021-04-13";0;"";"2021-04-13";0;"";"2021-09-10"
"66f36758";"";"";"";10;"";"2021-02-09";42.1875;"";"2021-02-18";0.0;"";"2021-04-13";17;"";"2021-09-10";0;"";"2021-09-10"
"67e44413";"";"";"";12;"";"2021-02-09";0.0;"";"2020-11-06";0.0;"";"2021-04-13";17;"";"2021-09-10";0;"";"2021-09-10"
"68bd7c50";52.0;2.0;"2021-02-01";52;"DA ";"2021-02-09";0.0;"";"2020-11-06";0.0;"";"2021-04-13";0;"";"2021-04-13";0;"";"2021-09-10"
"68c11ae7";"";"";"";14;"";"2021-02-09";35.9375;"";"2021-02-18";0.0;"";"2021-04-13";0;"";"2021-04-13";0;"";"2021-09-10"
"693d81d9";70.0;4.0;"2021-02-01";70;"DA ";"2021-02-10";0.0;"";"2020-11-06";0.0;"";"2021-04-13";0;"";"2021-04-13";0;"";"2021-09-10"
"696eee26";45.0;2.0;"2021-02-01";45;"DA ";"2021-02-09";0.0;"";"2020-11-06";0.0;"";"2021-04-13";0;"";"2021-04-13";0;"";"2021-09-10"
"69958f5e";46.0;2.0;"2021-02-01";46;"DA ";"2021-02-09";0.0;"";"2020-11-06";0.0;"";"2021-04-13";0;"";"2021-04-13";0;"";"2021-09-10"
"69a703a4";68.0;3.0;"2021-02-01";68;"DA ";"2021-02-10";0.0;"";"2020-11-06";0.0;"";"2021-04-13";0;"";"2021-04-13";0;"";"2021-09-10"
"69af1d79";67.0;3.0;"2021-02-01";67;"DA ";"2021-02-09";0.0;"";"2020-11-06";0.0;"";"2021-04-13";0;"";"2021-04-13";0;"";"2021-09-10"
"6a0b97a1";"";"";"";14;"";"2021-02-09";0.0;"";"2020-11-06";0.0;"";"2021-04-13";0;"";"2021-04-13";0;"";"2021-09-10"
"6a0fc3e4";50.0;2.0;"2021-02-01";50;"DA ";"2021-02-09";0.0;"";"2020-11-06";0.0;"";"2021-04-13";0;"";"2021-04-13";0;"";"2021-09-10"
"6af8ed7b";68.0;3.0;"2021-02-01";68;"DA ";"2021-02-09";0.0;"";"2020-11-06";0.0;"";"2021-04-13";0;"";"2021-04-13";0;"";"2021-09-10"
"6ba81091";55.0;3.0;"2021-02-01";55;"DA ";"2021-02-09";0.0;"";"2020-11-06";0.0;"";"2021-04-13";0;"";"2021-04-13";0;"";"2021-09-10"
"6bac93f1";63.0;3.0;"2021-02-01";63;"DA ";"2021-02-09";0.0;"";"2020-11-06";0.0;"";"2021-04-13";0;"";"2021-04-13";0;"";"2021-09-10"
"6ca885de";70.0;4.0;"2021-02-01";70;"DA ";"2021-02-09";0.0;"";"2020-11-06";0.0;"";"2021-04-13";0;"";"2021-04-13";0;"";"2021-09-10"
"6cdcff09";55.0;3.0;"2021-02-01";55;"DA ";"2021-02-09";0.0;"";"2020-11-06";0.0;"";"2021-04-13";0;"";"2021-04-13";0;"";"2021-09-10"
"6d4d08c6";59.0;3.0;"2021-02-01";59;"DA ";"2021-02-09";0.0;"";"2020-11-06";0.0;"";"2021-04-13";0;"";"2021-04-13";0;"";"2021-09-10"
"6db5089f";"";"";"";0;"";"2021-02-09";0.0;"";"2020-11-06";0.0;"";"2021-04-13";0;"";"2021-04-13";0;"";"2021-09-10"
"6e8d6004";46.0;2.0;"2021-02-01";46;"DA ";"2021-02-09";0.0;"";"2020-11-06";0.0;"";"2021-04-13";0;"";"2021-04-13";0;"";"2021-09-10"
"6e90f2ea";54.0;2.0;"2021-02-01";54;"DA ";"2021-02-09";0.0;"";"2020-11-06";0.0;"";"2021-04-13";0;"";"2021-04-13";0;"";"2021-09-10"
"6eab0b4d";76.0;4.0;"2021-02-01";76;"DA ";"2021-02-09";0.0;"";"2020-11-06";0.0;"";"2021-04-13";0;"";"2021-04-13";0;"";"2021-09-10"
"6f1bd9cd";"";"";"";16;"";"2021-02-09";0.0;"";"2020-11-06";0.0;"";"2021-04-13";0;"";"2021-04-13";0;"";"2021-09-10"
"6f84034e";"";"";"";31;"";"2021-02-09";34.375;"";"2021-02-18";0.0;"";"2021-04-13";25;"";"2021-09-10";0;"";"2021-09-10"
"6f955de4";57.0;3.0;"2021-02-01";57;"DA ";"2021-02-09";0.0;"";"2020-11-06";0.0;"";"2021-04-13";0;"";"2021-04-13";0;"";"2021-09-10"
"6febed47";72.0;4.0;"2021-02-01";72;"DA ";"2021-02-09";0.0;"";"2020-11-06";0.0;"";"2021-04-13";0;"";"2021-04-13";0;"";"2021-09-10"
"7020d718";48.0;2.0;"2021-02-01";48;"DA ";"2021-02-09";0.0;"";"2020-11-06";0.0;"";"2021-04-13";0;"";"2021-04-13";0;"";"2021-09-10"
"702aa52d";51.0;2.0;"2021-02-01";51;"DA ";"2021-02-09";0.0;"";"2020-11-06";0.0;"";"2021-04-13";0;"";"2021-04-13";0;"";"2021-09-10"
"703304e5";45.0;2.0;"2021-02-01";45;"DA ";"2021-02-09";0.0;"";"2020-11-06";0.0;"";"2021-04-13";0;"";"2021-04-13";0;"";"2021-09-10"
"70477b8e";46.0;2.0;"2021-02-01";46;"DA ";"2021-02-09";0.0;"";"2020-11-06";0.0;"";"2021-04-13";0;"";"2021-04-13";0;"";"2021-09-10"
"7086791e";60.9375;3.0;"2021-02-15";29;"";"2021-02-09";60.9375;"DA ";"2021-02-18";0.0;"";"2021-04-13";0;"";"2021-04-13";0;"";"2021-09-10"
"70a87347";80.0;4.0;"2021-02-01";80;"DA ";"2021-02-09";0.0;"";"2020-11-06";0.0;"";"2021-04-13";0;"";"2021-04-13";0;"";"2021-09-10"
"70c18dd0";60.0;3.0;"2021-02-01";60;"DA ";"2021-02-09";0.0;"";"2020-11-06";0.0;"";"2021-04-13";0;"";"2021-04-13";0;"";"2021-09-10"
"70c91d62";49.0;2.0;"2021-02-01";49;"DA ";"2021-02-09";0.0;"";"2020-11-06";0.0;"";"2021-04-13";0;"";"2021-04-13";0;"";"2021-09-10"
"70ee5b66";83.0;4.0;"2021-02-01";83;"DA ";"2021-02-09";0.0;"";"2020-11-06";0.0;"";"2021-04-13";0;"";"2021-04-13";0;"";"2021-09-10"
"717038f2";45.0;2.0;"2021-02-01";45;"DA ";"2021-02-10";0.0;"";"2020-11-06";0.0;"";"2021-04-13";0;"";"2021-04-13";0;"";"2021-09-10"
"71c2d494";50.0;2.0;"2021-09-14";41;"";"2021-02-09";42.1875;"";"2021-02-18";0.0;"";"2021-04-13";27;"";"2021-09-10";50;"DA ";"2021-09-15"
"72004a5d";94.0;5.0;"2021-02-01";94;"DA ";"2021-02-09";0.0;"";"2020-11-06";0.0;"";"2021-04-13";0;"";"2021-04-13";0;"";"2021-09-10"
"7206783c";49.0;2.0;"2021-02-01";49;"DA ";"2021-02-09";0.0;"";"2020-11-06";0.0;"";"2021-04-13";0;"";"2021-04-13";0;"";"2021-09-10"
"724e47b7";59.0;3.0;"2021-02-01";59;"DA ";"2021-02-09";0.0;"";"2020-11-06";0.0;"";"2021-04-13";0;"";"2021-04-13";0;"";"2021-09-10"
"727daa4d";"";"";"";34;"";"2021-02-09";25.0;"";"2021-02-18";0.0;"";"2021-04-13";0;"";"2021-04-13";0;"";"2021-09-10"
"727ef3c9";60.0;3.0;"2021-02-01";60;"DA ";"2021-02-09";0.0;"";"2020-11-06";0.0;"";"2021-04-13";0;"";"2021-04-13";0;"";"2021-09-10"
"7297a6c3";47.0;2.0;"2021-02-01";47;"DA ";"2021-02-09";0.0;"";"2020-11-06";0.0;"";"2021-04-13";0;"";"2021-04-13";0;"";"2021-09-10"
"72dfdd78";75.0;4.0;"2021-02-01";75;"DA ";"2021-02-09";0.0;"";"2020-11-06";0.0;"";"2021-04-13";0;"";"2021-04-13";0;"";"2021-09-10"
"738502f9";"";"";"";0;"";"2021-02-09";0.0;"";"2020-11-06";0.0;"";"2021-04-13";0;"";"2021-04-13";0;"";"2021-09-10"
"7413cc57";"";"";"";41;"";"2021-02-09";29.6875;"";"2021-02-18";0.0;"";"2021-04-13";36;"";"2021-09-10";38;"";"2021-09-15"
"74151565";77.0;4.0;"2021-02-01";77;"DA ";"2021-02-09";0.0;"";"2020-11-06";0.0;"";"2021-04-13";0;"";"2021-04-13";0;"";"2021-09-10"
"74351490";78.0;4.0;"2021-02-01";78;"DA ";"2021-02-09";0.0;"";"2020-11-06";0.0;"";"2021-04-13";0;"";"2021-04-13";0;"";"2021-09-10"
"74a97d05";"";"";"";9;"";"2021-02-09";0.0;"";"2020-11-06";0.0;"";"2021-04-13";0;"";"2021-04-13";0;"";"2021-09-10"
"74bfae4c";88.0;5.0;"2021-02-01";88;"DA ";"2021-02-09";0.0;"";"2020-11-06";0.0;"";"2021-04-13";0;"";"2021-04-13";0;"";"2021-09-10"
"764048a2";52.0;2.0;"2021-02-01";52;"DA ";"2021-02-09";0.0;"";"2020-11-06";0.0;"";"2021-04-13";0;"";"2021-04-13";0;"";"2021-09-10"
"770cc66e";48.0;2.0;"2021-02-01";48;"DA ";"2021-02-09";0.0;"";"2020-11-06";0.0;"";"2021-04-13";0;"";"2021-04-13";0;"";"2021-09-10"
"7742e030";62.0;3.0;"2021-02-01";62;"DA ";"2021-02-09";0.0;"";"2020-11-06";0.0;"";"2021-04-13";0;"";"2021-04-13";0;"";"2021-09-10"
"78410b08";"";"";"";0;"";"2021-02-09";31.25;"";"2021-02-18";0.0;"";"2021-04-13";27;"";"2021-09-10";0;"";"2021-09-10"
"787a5e83";"";"";"";23;"";"2021-02-09";1.5625;"";"2021-02-18";0.0;"";"2021-04-13";0;"";"2021-04-13";0;"";"2021-09-10"
"78f824f6";64.0;3.0;"2021-02-01";64;"DA ";"2021-02-09";0.0;"";"2020-11-06";0.0;"";"2021-04-13";0;"";"2021-04-13";0;"";"2021-09-10"
"78ffa3a5";66.0;3.0;"2021-02-01";66;"DA ";"2021-02-09";0.0;"";"2020-11-06";0.0;"";"2021-04-13";0;"";"2021-04-13";0;"";"2021-09-10"
"790953d4";100.0;5.0;"2021-02-01";100;"DA ";"2021-02-09";0.0;"";"2020-11-06";0.0;"";"2021-04-13";0;"";"2021-04-13";0;"";"2021-09-10"
"79153ac4";74.0;4.0;"2021-02-01";74;"DA ";"2021-02-09";0.0;"";"2020-11-06";0.0;"";"2021-04-13";0;"";"2021-04-13";0;"";"2021-09-10"
"7946ec19";95.0;5.0;"2021-02-01";95;"DA ";"2021-02-09";0.0;"";"2020-11-06";0.0;"";"2021-04-13";0;"";"2021-04-13";0;"";"2021-09-10"
"79f98699";46.875;2.0;"2021-02-15";40;"";"2021-02-09";46.875;"DA ";"2021-02-18";0.0;"";"2021-04-13";0;"";"2021-04-13";0;"";"2021-09-10"
"7a970d98";53.0;2.0;"2021-02-01";53;"DA ";"2021-02-09";0.0;"";"2020-11-06";0.0;"";"2021-04-13";0;"";"2021-04-13";0;"";"2021-09-10"
"7a982b23";"";"";"";7;"";"2021-02-09";0.0;"";"2020-11-06";0.0;"";"2021-04-13";0;"";"2021-04-13";0;"";"2021-09-10"
"7bec1ab7";"";"";"";32;"";"2021-02-09";35.9375;"";"2021-02-18";37.5;"";"2021-07-15";0;"";"2021-04-13";0;"";"2021-09-10"
"7bfd250b";94.0;5.0;"2021-02-01";94;"DA ";"2021-02-09";0.0;"";"2020-11-06";0.0;"";"2021-04-13";0;"";"2021-04-13";0;"";"2021-09-10"
"7cc494dc";67.0;3.0;"2021-02-01";67;"DA ";"2021-02-09";0.0;"";"2020-11-06";0.0;"";"2021-04-13";0;"";"2021-04-13";0;"";"2021-09-10"
"7d50178c";71.0;4.0;"2021-02-01";71;"DA ";"2021-02-09";0.0;"";"2020-11-06";0.0;"";"2021-04-13";0;"";"2021-04-13";0;"";"2021-09-10"
"7dc48ea5";90.0;5.0;"2021-02-01";90;"DA ";"2021-02-09";0.0;"";"2020-11-06";0.0;"";"2021-04-13";0;"";"2021-04-13";0;"";"2021-09-10"
"7ddd6e7d";"";"";"";24;"";"2021-02-09";31.25;"";"2021-02-18";18.75;"";"2021-07-15";0;"";"2021-04-13";16;"";"2021-09-15"
"7dee46a5";61.0;3.0;"2021-02-01";61;"DA ";"2021-02-09";0.0;"";"2020-11-06";0.0;"";"2021-04-13";0;"";"2021-04-13";0;"";"2021-09-10"
"7df7e74e";65.0;3.0;"2021-02-01";65;"DA ";"2021-02-09";0.0;"";"2020-11-06";0.0;"";"2021-04-13";0;"";"2021-04-13";0;"";"2021-09-10"
"7e12589f";"";"";"";0;"";"2021-02-09";0.0;"";"2020-11-06";0.0;"";"2021-04-13";0;"";"2021-04-13";0;"";"2021-09-10"
"7e5d7426";78.0;4.0;"2021-02-01";78;"DA ";"2021-02-09";0.0;"";"2020-11-06";0.0;"";"2021-04-13";0;"";"2021-04-13";0;"";"2021-09-10"
"7e8a63f4";50.0;2.0;"2021-02-01";50;"DA ";"2021-02-09";0.0;"";"2020-11-06";0.0;"";"2021-04-13";0;"";"2021-04-13";0;"";"2021-09-10"
"7ea42cbb";"";"";"";1;"";"2021-02-09";0.0;"";"2020-11-06";0.0;"";"2021-04-13";0;"";"2021-04-13";0;"";"2021-09-10"
"7efd0541";62.0;3.0;"2021-02-01";62;"DA ";"2021-02-09";0.0;"";"2020-11-06";0.0;"";"2021-04-13";0;"";"2021-04-13";0;"";"2021-09-10"
"7f6aae16";45.3125;2.0;"2021-02-15";18;"";"2021-02-09";45.3125;"DA ";"2021-02-18";0.0;"";"2021-04-13";0;"";"2021-04-13";0;"";"2021-09-10"
"7fc4affa";"";"";"";27;"";"2021-02-09";34.375;"";"2021-02-18";0.0;"";"2021-04-13";0;"";"2021-04-13";0;"";"2021-09-10"
"805ffa7d";48.44;2.0;"2021-07-13";6;"";"2021-02-09";28.125;"";"2021-02-18";48.44;"DA ";"2021-07-15";0;"";"2021-04-13";0;"";"2021-09-10"
"81c021ca";94.0;5.0;"2021-02-01";94;"DA ";"2021-02-09";0.0;"";"2020-11-06";0.0;"";"2021-04-13";0;"";"2021-04-13";0;"";"2021-09-10"
"81d35d72";"";"";"";0;"";"2021-02-09";0.0;"";"2021-02-18";0.0;"";"2021-04-13";20;"";"2021-09-10";38;"";"2021-09-15"
"82a02e3b";73.0;4.0;"2021-02-01";73;"DA ";"2021-02-09";0.0;"";"2020-11-06";0.0;"";"2021-04-13";0;"";"2021-04-13";0;"";"2021-09-10"
"82ae78db";48.0;2.0;"2021-09-14";18;"";"2021-02-09";25.0;"";"2021-02-18";0.0;"";"2021-04-13";38;"";"2021-09-10";48;"DA ";"2021-09-15"
"82e6ac3b";90.0;5.0;"2021-02-01";90;"DA ";"2021-02-09";0.0;"";"2020-11-06";0.0;"";"2021-04-13";0;"";"2021-04-13";0;"";"2021-09-10"
"83020120";56.25;3.0;"2021-02-15";0;"";"2021-02-09";56.25;"DA ";"2021-02-18";0.0;"";"2021-04-13";0;"";"2021-04-13";0;"";"2021-09-10"
"83993afc";71.0;4.0;"2021-02-01";71;"DA ";"2021-02-09";0.0;"";"2020-11-06";0.0;"";"2021-04-13";0;"";"2021-04-13";0;"";"2021-09-10"
"83a5a8bb";79.0;4.0;"2021-02-01";79;"DA ";"2021-02-09";0.0;"";"2020-11-06";0.0;"";"2021-04-13";0;"";"2021-04-13";0;"";"2021-09-10"
"840eae28";50.0;2.0;"2021-02-01";50;"DA ";"2021-02-09";0.0;"";"2020-11-06";0.0;"";"2021-04-13";0;"";"2021-04-13";0;"";"2021-09-10"
"84a7f724";"";"";"";13;"";"2021-02-09";0.0;"";"2020-11-06";0.0;"";"2021-04-13";0;"";"2021-04-13";0;"";"2021-09-10"
"851e72b9";63.0;3.0;"2021-02-01";63;"DA ";"2021-02-09";0.0;"";"2020-11-06";0.0;"";"2021-04-13";0;"";"2021-04-13";0;"";"2021-09-10"
"85b90c1f";57.0;3.0;"2021-02-01";57;"DA ";"2021-02-09";0.0;"";"2020-11-06";0.0;"";"2021-04-13";0;"";"2021-04-13";0;"";"2021-09-10"
"8630344e";66.0;3.0;"2021-02-01";66;"DA ";"2021-02-09";0.0;"";"2020-11-06";0.0;"";"2021-04-13";0;"";"2021-04-13";0;"";"2021-09-10"
"865179c5";86.0;5.0;"2021-02-01";86;"DA ";"2021-02-09";0.0;"";"2020-11-06";0.0;"";"2021-04-13";0;"";"2021-04-13";0;"";"2021-09-10"
"86a6128c";"";"";"";0;"";"2021-02-09";21.875;"";"2021-02-18";0.0;"";"2021-04-13";34;"";"2021-09-10";0;"";"2021-09-10"
"87aaa809";58.0;3.0;"2021-02-01";58;"DA ";"2021-02-09";0.0;"";"2020-11-06";0.0;"";"2021-04-13";0;"";"2021-04-13";0;"";"2021-09-10"
"87acc82f";73.0;4.0;"2021-02-01";73;"DA ";"2021-02-09";0.0;"";"2020-11-06";0.0;"";"2021-04-13";0;"";"2021-04-13";0;"";"2021-09-10"
"87d0fac3";"";"";"";12;"";"2021-02-09";0.0;"";"2020-11-06";0.0;"";"2021-04-13";25;"";"2021-09-10";25;"";"2021-09-15"
"88190f07";81.0;4.0;"2021-02-01";81;"DA ";"2021-02-09";0.0;"";"2020-11-06";0.0;"";"2021-04-13";0;"";"2021-04-13";0;"";"2021-09-10"
"8947c866";61.0;3.0;"2021-02-01";61;"DA ";"2021-02-09";0.0;"";"2020-11-06";0.0;"";"2021-04-13";0;"";"2021-04-13";0;"";"2021-09-10"
"8967420f";55.0;3.0;"2021-02-01";55;"DA ";"2021-02-09";0.0;"";"2020-11-06";0.0;"";"2021-04-13";0;"";"2021-04-13";0;"";"2021-09-10"
"8acb52b1";"";"";"";12;"";"2021-02-09";0.0;"";"2020-11-06";0.0;"";"2021-04-13";0;"";"2021-04-13";0;"";"2021-09-10"
"8acf86ed";51.0;2.0;"2021-02-01";51;"DA ";"2021-02-09";0.0;"";"2020-11-06";0.0;"";"2021-04-13";0;"";"2021-04-13";0;"";"2021-09-10"
"8ae17533";"";"";"";29;"";"2021-02-09";0.0;"";"2020-11-06";0.0;"";"2021-04-13";13;"";"2021-09-10";0;"";"2021-09-10"
"8aeb033e";97.0;5.0;"2021-02-01";97;"DA ";"2021-02-09";0.0;"";"2020-11-06";0.0;"";"2021-04-13";0;"";"2021-04-13";0;"";"2021-09-10"
"8b2b55f6";87.0;5.0;"2021-02-01";87;"DA ";"2021-02-09";0.0;"";"2020-11-06";0.0;"";"2021-04-13";0;"";"2021-04-13";0;"";"2021-09-10"
"8b3dc02d";76.0;4.0;"2021-02-01";76;"DA ";"2021-02-09";0.0;"";"2020-11-06";0.0;"";"2021-04-13";0;"";"2021-04-13";0;"";"2021-09-10"
"8b4b1a4f";85.0;5.0;"2021-02-01";85;"DA ";"2021-02-10";0.0;"";"2020-11-06";0.0;"";"2021-04-13";0;"";"2021-04-13";0;"";"2021-09-10"
"8b9fae23";71.0;4.0;"2021-02-01";71;"DA ";"2021-02-09";0.0;"";"2020-11-06";0.0;"";"2021-04-13";0;"";"2021-04-13";0;"";"2021-09-10"
"8be68163";"";"";"";35;"";"2021-02-09";26.5625;"";"2021-02-18";0.0;"";"2021-04-13";0;"";"2021-04-13";0;"";"2021-09-10"
"8c20ed23";"";"";"";26;"";"2021-02-09";23.4375;"";"2021-02-18";0.0;"";"2021-04-13";0;"";"2021-04-13";0;"";"2021-09-10"
"8c22e324";56.0;3.0;"2021-02-01";56;"DA ";"2021-02-09";0.0;"";"2020-11-06";0.0;"";"2021-04-13";0;"";"2021-04-13";0;"";"2021-09-10"
"8c393ae6";72.0;4.0;"2021-02-01";72;"DA ";"2021-02-09";0.0;"";"2020-11-06";0.0;"";"2021-04-13";0;"";"2021-04-13";0;"";"2021-09-10"
"8c7d02b6";59.375;3.0;"2021-02-15";0;"";"2021-02-09";59.375;"DA ";"2021-02-18";0.0;"";"2021-04-13";0;"";"2021-04-13";0;"";"2021-09-10"
"8d4ef27d";62.0;3.0;"2021-02-01";62;"DA ";"2021-02-09";0.0;"";"2020-11-06";0.0;"";"2021-04-13";0;"";"2021-04-13";0;"";"2021-09-10"
"8d5e8089";81.0;4.0;"2021-02-01";81;"DA ";"2021-02-09";0.0;"";"2020-11-06";0.0;"";"2021-04-13";0;"";"2021-04-13";0;"";"2021-09-10"
"8e00e49d";60.0;3.0;"2021-02-01";60;"DA ";"2021-02-09";0.0;"";"2020-11-06";0.0;"";"2021-04-13";0;"";"2021-04-13";0;"";"2021-09-10"
"8e017e0e";45.0;2.0;"2021-09-14";38;"";"2021-02-09";32.8125;"";"2021-02-19";0.0;"";"2021-04-13";23;"";"2021-09-10";45;"DA ";"2021-09-15"
"8e5be745";"";"";"";0;"";"2021-02-09";0.0;"";"2020-11-06";0.0;"";"2021-04-13";0;"";"2021-04-13";0;"";"2021-09-10"
"8f2a2fcb";45.0;2.0;"2021-02-01";45;"DA ";"2021-02-10";0.0;"";"2020-11-06";0.0;"";"2021-04-13";0;"";"2021-04-13";0;"";"2021-09-10"
"8fc67ea5";46.0;2.0;"2021-02-01";46;"DA ";"2021-02-09";0.0;"";"2020-11-06";0.0;"";"2021-04-13";0;"";"2021-04-13";0;"";"2021-09-10"
"90a248d7";54.6875;2.0;"2021-02-15";40;"";"2021-02-09";54.6875;"DA ";"2021-02-18";0.0;"";"2021-04-13";0;"";"2021-04-13";0;"";"2021-09-10"
"90e85675";100.0;5.0;"2021-02-01";100;"DA ";"2021-02-09";0.0;"";"2020-11-06";0.0;"";"2021-04-13";0;"";"2021-04-13";0;"";"2021-09-10"
"9124ec44";"";"";"";0;"";"2021-02-09";0.0;"";"2020-11-06";0.0;"";"2021-04-13";0;"";"2021-04-13";0;"";"2021-09-10"
"9164ec0f";"";"";"";16;"";"2021-02-09";0.0;"";"2020-11-06";0.0;"";"2021-04-13";22;"";"2021-09-10";0;"";"2021-09-10"
"922b6e14";56.0;3.0;"2021-02-01";56;"DA ";"2021-02-09";0.0;"";"2020-11-06";0.0;"";"2021-04-13";0;"";"2021-04-13";0;"";"2021-09-10"
"9250d980";50.0;2.0;"2021-02-01";50;"DA ";"2021-02-09";0.0;"";"2020-11-06";0.0;"";"2021-04-13";0;"";"2021-04-13";0;"";"2021-09-10"
"92570f21";"";"";"";16;"";"2021-02-09";35.9375;"";"2021-02-19";0.0;"";"2021-04-13";30;"";"2021-09-10";0;"";"2021-09-10"
"92bfc59a";59.0;3.0;"2021-02-01";59;"DA ";"2021-02-09";0.0;"";"2020-11-06";0.0;"";"2021-04-13";0;"";"2021-04-13";0;"";"2021-09-10"
"92e5f410";70.0;4.0;"2021-02-01";70;"DA ";"2021-02-09";0.0;"";"2020-11-06";0.0;"";"2021-04-13";0;"";"2021-04-13";0;"";"2021-09-10"
"933b0ba9";55.0;3.0;"2021-02-01";55;"DA ";"2021-02-09";0.0;"";"2020-11-06";0.0;"";"2021-04-13";0;"";"2021-04-13";0;"";"2021-09-10"
"9405bcc1";86.0;5.0;"2021-02-01";86;"DA ";"2021-02-09";0.0;"";"2020-11-06";0.0;"";"2021-04-13";0;"";"2021-04-13";0;"";"2021-09-10"
"9436b3a0";"";"";"";40;"";"2021-02-09";35.9375;"";"2021-02-18";0.0;"";"2021-04-13";20;"";"2021-09-10";39;"";"2021-09-15"
"94a3c78a";45.0;2.0;"2021-09-14";33;"";"2021-02-09";32.8125;"";"2021-02-18";0.0;"";"2021-04-13";30;"";"2021-09-10";45;"DA ";"2021-09-15"
"94c0a43b";52.0;2.0;"2021-02-01";52;"DA ";"2021-02-09";0.0;"";"2020-11-06";0.0;"";"2021-04-13";0;"";"2021-04-13";0;"";"2021-09-10"
"94d92a08";45.0;2.0;"2021-02-01";45;"DA ";"2021-02-10";0.0;"";"2020-11-06";0.0;"";"2021-04-13";0;"";"2021-04-13";0;"";"2021-09-10"
"951e9a7e";50.0;2.0;"2021-02-01";50;"DA ";"2021-02-09";0.0;"";"2020-11-06";0.0;"";"2021-04-13";0;"";"2021-04-13";0;"";"2021-09-10"
"9541b18a";"";"";"";20;"";"2021-02-09";6.25;"";"2021-02-18";0.0;"";"2021-04-13";0;"";"2021-04-13";0;"";"2021-09-10"
"960b0b50";60.0;3.0;"2021-02-01";60;"DA ";"2021-02-09";0.0;"";"2020-11-06";0.0;"";"2021-04-13";0;"";"2021-04-13";0;"";"2021-09-10"
"962a59dc";75.0;4.0;"2021-02-01";75;"DA ";"2021-02-09";0.0;"";"2020-11-06";0.0;"";"2021-04-13";0;"";"2021-04-13";0;"";"2021-09-10"
"970da6cc";"";"";"";42;"";"2021-02-09";35.9375;"";"2021-02-18";35.94;"";"2021-07-15";0;"";"2021-04-13";31;"";"2021-09-15"
"972812c3";57.0;3.0;"2021-02-01";57;"DA ";"2021-02-09";0.0;"";"2020-11-06";0.0;"";"2021-04-13";0;"";"2021-04-13";0;"";"2021-09-10"
"973ffceb";91.0;5.0;"2021-02-01";91;"DA ";"2021-02-09";0.0;"";"2020-11-06";0.0;"";"2021-04-13";0;"";"2021-04-13";0;"";"2021-09-10"
"975858fb";45.3125;2.0;"2021-02-15";41;"";"2021-02-09";45.3125;"DA ";"2021-02-18";0.0;"";"2021-04-13";0;"";"2021-04-13";0;"";"2021-09-10"
"97e2db2d";71.0;4.0;"2021-02-01";71;"DA ";"2021-02-09";0.0;"";"2020-11-06";0.0;"";"2021-04-13";0;"";"2021-04-13";0;"";"2021-09-10"
"97e9706f";"";"";"";24;"";"2021-02-09";0.0;"";"2020-11-06";0.0;"";"2021-04-13";0;"";"2021-04-13";0;"";"2021-09-10"
"98b659ed";80.0;4.0;"2021-02-01";80;"DA ";"2021-02-09";0.0;"";"2020-11-06";0.0;"";"2021-04-13";0;"";"2021-04-13";0;"";"2021-09-10"
"98b99b97";46.0;2.0;"2021-02-01";46;"DA ";"2021-02-09";0.0;"";"2020-11-06";0.0;"";"2021-04-13";0;"";"2021-04-13";0;"";"2021-09-10"
"990c1a64";51.0;2.0;"2021-02-01";51;"DA ";"2021-02-09";0.0;"";"2020-11-06";0.0;"";"2021-04-13";0;"";"2021-04-13";0;"";"2021-09-10"
"993ce4d2";48.0;2.0;"2021-02-01";48;"DA ";"2021-02-09";0.0;"";"2020-11-06";0.0;"";"2021-04-13";0;"";"2021-04-13";0;"";"2021-09-10"
"998c22c1";52.0;2.0;"2021-09-14";38;"";"2021-02-09";34.375;"";"2021-02-18";0.0;"";"2021-04-13";38;"";"2021-09-10";52;"DA ";"2021-09-15"
"9a3fa33d";"";"";"";14;"";"2021-02-09";9.375;"";"2021-02-18";0.0;"";"2021-04-13";13;"";"2021-09-10";11;"";"2021-09-15"
"9a6def38";53.0;2.0;"2021-02-01";53;"DA ";"2021-02-09";0.0;"";"2020-11-06";0.0;"";"2021-04-13";0;"";"2021-04-13";0;"";"2021-09-10"
"9ab2f476";76.0;4.0;"2021-02-01";76;"DA ";"2021-02-09";0.0;"";"2020-11-06";0.0;"";"2021-04-13";0;"";"2021-04-13";0;"";"2021-09-10"
"9ad2f83e";86.0;5.0;"2021-02-01";86;"DA ";"2021-02-09";0.0;"";"2020-11-06";0.0;"";"2021-04-13";0;"";"2021-04-13";0;"";"2021-09-10"
"9b518b51";79.0;4.0;"2021-02-01";79;"DA ";"2021-02-09";0.0;"";"2020-11-06";0.0;"";"2021-04-13";0;"";"2021-04-13";0;"";"2021-09-10"
"9bc12be0";73.0;4.0;"2021-02-01";73;"DA ";"2021-02-09";0.0;"";"2020-11-06";0.0;"";"2021-04-13";0;"";"2021-04-13";0;"";"2021-09-10"
"9c26836e";50.0;2.0;"2021-02-15";36;"";"2021-02-09";50.0;"DA ";"2021-02-18";0.0;"";"2021-04-13";0;"";"2021-04-13";0;"";"2021-09-10"
"9c397d72";66.0;3.0;"2021-02-01";66;"DA ";"2021-02-09";0.0;"";"2020-11-06";0.0;"";"2021-04-13";0;"";"2021-04-13";0;"";"2021-09-10"
"9c552410";79.0;4.0;"2021-02-01";79;"DA ";"2021-02-09";0.0;"";"2020-11-06";0.0;"";"2021-04-13";0;"";"2021-04-13";0;"";"2021-09-10"
"9c95d353";45.0;2.0;"2021-02-01";45;"DA ";"2021-02-09";0.0;"";"2020-11-06";0.0;"";"2021-04-13";0;"";"2021-04-13";0;"";"2021-09-10"
"9d434768";97.0;5.0;"2021-02-01";97;"DA ";"2021-02-09";0.0;"";"2020-11-06";0.0;"";"2021-04-13";0;"";"2021-04-13";0;"";"2021-09-10"
"9d6262ea";87.0;5.0;"2021-02-01";87;"DA ";"2021-02-09";0.0;"";"2020-11-06";0.0;"";"2021-04-13";0;"";"2021-04-13";0;"";"2021-09-10"
"9daca8e3";47.0;2.0;"2021-02-01";47;"DA ";"2021-02-10";0.0;"";"2020-11-06";0.0;"";"2021-04-13";0;"";"2021-04-13";0;"";"2021-09-10"
"9df07f86";50.0;2.0;"2021-02-01";50;"DA ";"2021-02-09";0.0;"";"2020-11-06";0.0;"";"2021-04-13";0;"";"2021-04-13";0;"";"2021-09-10"
"9f168a19";71.0;4.0;"2021-02-01";71;"DA ";"2021-02-09";0.0;"";"2020-11-06";0.0;"";"2021-04-13";0;"";"2021-04-13";0;"";"2021-09-10"
"9f375c03";57.0;3.0;"2021-02-01";57;"DA ";"2021-02-09";0.0;"";"2020-11-06";0.0;"";"2021-04-13";0;"";"2021-04-13";0;"";"2021-09-10"
"9f8d9a4e";45.0;2.0;"2021-02-01";45;"DA ";"2021-02-09";0.0;"";"2020-11-06";0.0;"";"2021-04-13";0;"";"2021-04-13";0;"";"2021-09-10"
"9fe48fe3";93.0;5.0;"2021-02-01";93;"DA ";"2021-02-09";0.0;"";"2020-11-06";0.0;"";"2021-04-13";0;"";"2021-04-13";0;"";"2021-09-10"
"9feb8f4d";50.0;2.0;"2021-02-01";50;"DA ";"2021-02-09";0.0;"";"2020-11-06";0.0;"";"2021-04-13";0;"";"2021-04-13";0;"";"2021-09-10"
"a01234a7";72.0;4.0;"2021-02-01";72;"DA ";"2021-02-09";0.0;"";"2020-11-06";0.0;"";"2021-04-13";0;"";"2021-04-13";0;"";"2021-09-10"
"a0539ca9";50.0;2.0;"2021-02-15";43;"";"2021-02-09";50.0;"DA ";"2021-02-18";0.0;"";"2021-04-13";0;"";"2021-04-13";0;"";"2021-09-10"
"a0664ca1";85.0;5.0;"2021-02-01";85;"DA ";"2021-02-09";0.0;"";"2020-11-06";0.0;"";"2021-04-13";0;"";"2021-04-13";0;"";"2021-09-10"
"a0cc091f";"";"";"";14;"";"2021-02-09";14.0625;"";"2021-02-18";0.0;"";"2021-04-13";23;"";"2021-09-10";0;"";"2021-09-10"
"a1421776";"";"";"";43;"";"2021-02-09";39.0625;"";"2021-02-19";0.0;"";"2021-04-13";11;"";"2021-09-10";0;"";"2021-09-10"
"a150014f";60.0;3.0;"2021-02-01";60;"DA ";"2021-02-09";0.0;"";"2020-11-06";0.0;"";"2021-04-13";0;"";"2021-04-13";0;"";"2021-09-10"
"a24fd12c";51.0;2.0;"2021-02-01";51;"DA ";"2021-02-09";0.0;"";"2020-11-06";0.0;"";"2021-04-13";0;"";"2021-04-13";0;"";"2021-09-10"
"a2571506";50.0;2.0;"2021-02-01";50;"DA ";"2021-02-09";0.0;"";"2020-11-06";0.0;"";"2021-04-13";0;"";"2021-04-13";0;"";"2021-09-10"
"a38dfe70";49.0;2.0;"2021-02-01";49;"DA ";"2021-02-09";0.0;"";"2020-11-06";0.0;"";"2021-04-13";0;"";"2021-04-13";0;"";"2021-09-10"
"a3cb2c2c";69.0;3.0;"2021-02-01";69;"DA ";"2021-02-09";0.0;"";"2020-11-06";0.0;"";"2021-04-13";0;"";"2021-04-13";0;"";"2021-09-10"
"a43cc245";82.0;4.0;"2021-02-01";82;"DA ";"2021-02-09";0.0;"";"2020-11-06";0.0;"";"2021-04-13";0;"";"2021-04-13";0;"";"2021-09-10"
"a44e449a";81.0;4.0;"2021-02-01";81;"DA ";"2021-02-09";0.0;"";"2020-11-06";0.0;"";"2021-04-13";0;"";"2021-04-13";0;"";"2021-09-10"
"a46f4970";68.0;3.0;"2021-02-01";68;"DA ";"2021-02-09";0.0;"";"2020-11-06";0.0;"";"2021-04-13";0;"";"2021-04-13";0;"";"2021-09-10"
"a51514c0";65.0;3.0;"2021-02-01";65;"DA ";"2021-02-09";0.0;"";"2020-11-06";0.0;"";"2021-04-13";0;"";"2021-04-13";0;"";"2021-09-10"
"a58180fc";"";"";"";7;"";"2021-02-09";0.0;"";"2020-11-06";0.0;"";"2021-04-13";0;"";"2021-04-13";0;"";"2021-09-10"
"a5e2e9e4";68.0;3.0;"2021-02-01";68;"DA ";"2021-02-09";0.0;"";"2020-11-06";0.0;"";"2021-04-13";0;"";"2021-04-13";0;"";"2021-09-10"
"a5f9ae59";"";"";"";25;"";"2021-02-09";1.5625;"";"2021-02-18";0.0;"";"2021-04-13";0;"";"2021-04-13";0;"";"2021-09-10"
"a660bd79";"";"";"";29;"";"2021-02-09";23.4375;"";"2021-02-18";0.0;"";"2021-04-13";19;"";"2021-09-10";0;"";"2021-09-10"
"a7116de2";"";"";"";2;"";"2021-02-09";0.0;"";"2020-11-06";0.0;"";"2021-04-13";0;"";"2021-04-13";0;"";"2021-09-10"
"a7ee8504";83.0;4.0;"2021-02-01";83;"DA ";"2021-02-09";0.0;"";"2020-11-06";0.0;"";"2021-04-13";0;"";"2021-04-13";0;"";"2021-09-10"
"a800f8d3";51.5625;2.0;"2021-02-15";41;"";"2021-02-09";51.5625;"DA ";"2021-02-18";0.0;"";"2021-04-13";0;"";"2021-04-13";0;"";"2021-09-10"
"a8263b94";54.6875;2.0;"2021-02-15";33;"";"2021-02-09";54.6875;"DA ";"2021-02-18";0.0;"";"2021-04-13";0;"";"2021-04-13";0;"";"2021-09-10"
"a86f29a0";88.0;5.0;"2021-02-01";88;"DA ";"2021-02-09";0.0;"";"2020-11-06";0.0;"";"2021-04-13";0;"";"2021-04-13";0;"";"2021-09-10"
"a8ff6392";56.0;3.0;"2021-02-01";56;"DA ";"2021-02-09";0.0;"";"2020-11-06";0.0;"";"2021-04-13";0;"";"2021-04-13";0;"";"2021-09-10"
"a9670453";64.0;3.0;"2021-02-01";64;"DA ";"2021-02-09";0.0;"";"2020-11-06";0.0;"";"2021-04-13";0;"";"2021-04-13";0;"";"2021-09-10"
"a994fd5e";70.0;4.0;"2021-02-01";70;"DA ";"2021-02-09";0.0;"";"2020-11-06";0.0;"";"2021-04-13";0;"";"2021-04-13";0;"";"2021-09-10"
"a9f7d8c9";66.0;3.0;"2021-02-01";66;"DA ";"2021-02-09";0.0;"";"2020-11-06";0.0;"";"2021-04-13";0;"";"2021-04-13";0;"";"2021-09-10"
"aa1fcddc";70.0;4.0;"2021-02-01";70;"DA ";"2021-02-09";0.0;"";"2020-11-06";0.0;"";"2021-04-13";0;"";"2021-04-13";0;"";"2021-09-10"
"aa5cd318";"";"";"";28;"";"2021-02-09";0.0;"";"2020-11-06";42.19;"";"2021-07-15";0;"";"2021-04-13";42;"";"2021-09-15"
"aac7433e";63.0;3.0;"2021-02-01";63;"DA ";"2021-02-09";0.0;"";"2020-11-06";0.0;"";"2021-04-13";0;"";"2021-04-13";0;"";"2021-09-10"
"aacf2d99";64.0;3.0;"2021-02-01";64;"DA ";"2021-02-09";0.0;"";"2020-11-06";0.0;"";"2021-04-13";0;"";"2021-04-13";0;"";"2021-09-10"
"ab695321";51.0;2.0;"2021-02-01";51;"DA ";"2021-02-09";0.0;"";"2020-11-06";0.0;"";"2021-04-13";0;"";"2021-04-13";0;"";"2021-09-10"
"ab8b289f";95.0;5.0;"2021-02-01";95;"DA ";"2021-02-09";0.0;"";"2020-11-06";0.0;"";"2021-04-13";0;"";"2021-04-13";0;"";"2021-09-10"
"ab9531c1";45.0;2.0;"2021-02-01";45;"DA ";"2021-02-09";0.0;"";"2020-11-06";0.0;"";"2021-04-13";0;"";"2021-04-13";0;"";"2021-09-10"
"abddaa14";71.0;4.0;"2021-02-01";71;"DA ";"2021-02-09";0.0;"";"2020-11-06";0.0;"";"2021-04-13";0;"";"2021-04-13";0;"";"2021-09-10"
"ac0e6aba";"";"";"";21;"";"2021-02-09";4.6875;"";"2021-02-18";0.0;"";"2021-04-13";0;"";"2021-04-13";0;"";"2021-09-10"
"acffda1b";81.0;4.0;"2021-02-01";81;"DA ";"2021-02-09";0.0;"";"2020-11-06";0.0;"";"2021-04-13";0;"";"2021-04-13";0;"";"2021-09-10"
"ad4ed138";89.0;5.0;"2021-02-01";89;"DA ";"2021-02-09";0.0;"";"2020-11-06";0.0;"";"2021-04-13";0;"";"2021-04-13";0;"";"2021-09-10"
"adb276fa";45.3125;2.0;"2021-02-15";28;"";"2021-02-09";45.3125;"DA ";"2021-02-18";0.0;"";"2021-04-13";0;"";"2021-04-13";0;"";"2021-09-10"
"ae69e730";64.0;3.0;"2021-02-01";64;"DA ";"2021-02-09";0.0;"";"2020-11-06";0.0;"";"2021-04-13";0;"";"2021-04-13";0;"";"2021-09-10"
"aee1071c";58.0;3.0;"2021-02-01";58;"DA ";"2021-02-09";0.0;"";"2020-11-06";0.0;"";"2021-04-13";0;"";"2021-04-13";0;"";"2021-09-10"
"af5de36b";"";"";"";13;"";"2021-02-09";18.75;"";"2021-02-18";0.0;"";"2021-04-13";8;"";"2021-09-10";9;"";"2021-09-15"
"b028b159";"";"";"";30;"";"2021-02-09";0.0;"";"2020-11-06";0.0;"";"2021-04-13";0;"";"2021-04-13";33;"";"2021-09-15"
"b092e40f";48.0;2.0;"2021-02-01";48;"DA ";"2021-02-09";0.0;"";"2020-11-06";0.0;"";"2021-04-13";0;"";"2021-04-13";0;"";"2021-09-10"
"b0e89bbb";55.0;3.0;"2021-02-01";55;"DA ";"2021-02-10";0.0;"";"2020-11-06";0.0;"";"2021-04-13";0;"";"2021-04-13";0;"";"2021-09-10"
"b193941d";55.0;3.0;"2021-02-01";55;"DA ";"2021-02-09";0.0;"";"2020-11-06";0.0;"";"2021-04-13";0;"";"2021-04-13";0;"";"2021-09-10"
"b1ae27b0";"";"";"";0;"";"2021-02-09";0.0;"";"2020-11-06";0.0;"";"2021-04-13";0;"";"2021-04-13";0;"";"2021-09-10"
"b1dc7f31";58.0;3.0;"2021-02-01";58;"DA ";"2021-02-09";0.0;"";"2020-11-06";0.0;"";"2021-04-13";0;"";"2021-04-13";0;"";"2021-09-10"
"b243c446";63.0;3.0;"2021-09-14";14;"";"2021-02-09";35.9375;"";"2021-02-18";0.0;"";"2021-04-13";33;"";"2021-09-10";63;"DA ";"2021-09-15"
"b25dcca0";69.0;3.0;"2021-02-01";69;"DA ";"2021-02-09";0.0;"";"2020-11-06";0.0;"";"2021-04-13";0;"";"2021-04-13";0;"";"2021-09-10"
"b2989338";"";"";"";0;"";"2021-02-09";0.0;"";"2020-11-06";0.0;"";"2021-04-13";0;"";"2021-04-13";0;"";"2021-09-10"
"b2d14950";"";"";"";43;"";"2021-02-09";37.5;"";"2021-02-18";28.13;"";"2021-07-15";0;"";"2021-04-13";27;"";"2021-09-15"
"b2d2f0cf";90.0;5.0;"2021-02-01";90;"DA ";"2021-02-09";0.0;"";"2020-11-06";0.0;"";"2021-04-13";0;"";"2021-04-13";0;"";"2021-09-10"
"b3149b0c";"";"";"";14;"";"2021-02-09";26.5625;"";"2021-02-18";0.0;"";"2021-04-13";17;"";"2021-09-10";0;"";"2021-09-10"
"b31e1ac7";"";"";"";13;"";"2021-02-09";0.0;"";"2020-11-06";0.0;"";"2021-04-13";17;"";"2021-09-10";0;"";"2021-09-10"
"b33f035d";85.0;5.0;"2021-02-01";85;"DA ";"2021-02-09";0.0;"";"2020-11-06";0.0;"";"2021-04-13";0;"";"2021-04-13";0;"";"2021-09-10"
"b393c1ae";90.0;5.0;"2021-02-01";90;"DA ";"2021-02-09";0.0;"";"2020-11-06";0.0;"";"2021-04-13";0;"";"2021-04-13";0;"";"2021-09-10"
"b3ab569a";82.0;4.0;"2021-02-01";82;"DA ";"2021-02-09";0.0;"";"2020-11-06";0.0;"";"2021-04-13";0;"";"2021-04-13";0;"";"2021-09-10"
"b3b890ef";92.0;5.0;"2021-02-01";92;"DA ";"2021-02-10";0.0;"";"2020-11-06";0.0;"";"2021-04-13";0;"";"2021-04-13";0;"";"2021-09-10"
"b3dec869";45.0;2.0;"2021-02-01";45;"DA ";"2021-02-09";0.0;"";"2020-11-06";0.0;"";"2021-04-13";0;"";"2021-04-13";0;"";"2021-09-10"
"b420367b";"";"";"";13;"";"2021-02-09";0.0;"";"2020-11-06";0.0;"";"2021-04-13";0;"";"2021-04-13";0;"";"2021-09-10"
"b44e5b04";86.0;5.0;"2021-02-01";86;"DA ";"2021-02-09";0.0;"";"2020-11-06";0.0;"";"2021-04-13";0;"";"2021-04-13";0;"";"2021-09-10"
"b559a4d2";45.3125;2.0;"2021-02-15";39;"";"2021-02-09";45.3125;"DA ";"2021-02-18";0.0;"";"2021-04-13";0;"";"2021-04-13";0;"";"2021-09-10"
"b579395b";82.0;4.0;"2021-02-01";82;"DA ";"2021-02-09";0.0;"";"2020-11-06";0.0;"";"2021-04-13";0;"";"2021-04-13";0;"";"2021-09-10"
"b5bbe8a7";63.0;3.0;"2021-02-01";63;"DA ";"2021-02-09";0.0;"";"2020-11-06";0.0;"";"2021-04-13";0;"";"2021-04-13";0;"";"2021-09-10"
"b5bee63f";"";"";"";8;"";"2021-02-09";6.25;"";"2021-02-18";0.0;"";"2021-04-13";14;"";"2021-09-10";0;"";"2021-09-10"
"b68eb260";57.0;3.0;"2021-02-01";57;"DA ";"2021-02-09";0.0;"";"2020-11-06";0.0;"";"2021-04-13";0;"";"2021-04-13";0;"";"2021-09-10"
"b6a119a5";51.0;2.0;"2021-02-01";51;"DA ";"2021-02-09";0.0;"";"2020-11-06";0.0;"";"2021-04-13";0;"";"2021-04-13";0;"";"2021-09-10"
"b6f3be1f";"";"";"";43;"";"2021-02-09";32.8125;"";"2021-02-18";34.38;"";"2021-07-15";0;"";"2021-04-13";0;"";"2021-09-10"
"b711ea39";"";"";"";0;"";"2021-02-09";0.0;"";"2020-11-06";0.0;"";"2021-04-13";0;"";"2021-04-13";0;"";"2021-09-10"
"b7418516";"";"";"";8;"";"2021-02-09";6.25;"";"2021-02-18";0.0;"";"2021-04-13";25;"";"2021-09-10";0;"";"2021-09-10"
"b7985715";78.0;4.0;"2021-02-01";78;"DA ";"2021-02-09";0.0;"";"2020-11-06";0.0;"";"2021-04-13";0;"";"2021-04-13";0;"";"2021-09-10"
"b79af034";65.0;3.0;"2021-02-01";65;"DA ";"2021-02-09";0.0;"";"2020-11-06";0.0;"";"2021-04-13";0;"";"2021-04-13";0;"";"2021-09-10"
"b7bbf6ca";55.0;3.0;"2021-02-01";55;"DA ";"2021-02-09";0.0;"";"2020-11-06";0.0;"";"2021-04-13";0;"";"2021-04-13";0;"";"2021-09-10"
"b821acf8";"";"";"";19;"";"2021-02-09";25.0;"";"2021-02-18";0.0;"";"2021-04-13";0;"";"2021-04-13";0;"";"2021-09-10"
"b896deab";"";"";"";33;"";"2021-02-09";23.4375;"";"2021-02-18";0.0;"";"2021-04-13";0;"";"2021-04-13";0;"";"2021-09-10"
"b98105e9";70.0;4.0;"2021-02-01";70;"DA ";"2021-02-10";0.0;"";"2020-11-06";0.0;"";"2021-04-13";0;"";"2021-04-13";0;"";"2021-09-10"
"b991aed7";68.0;3.0;"2021-02-01";68;"DA ";"2021-02-09";0.0;"";"2020-11-06";0.0;"";"2021-04-13";0;"";"2021-04-13";0;"";"2021-09-10"
"b9b41392";"";"";"";0;"";"2021-02-09";0.0;"";"2020-11-06";0.0;"";"2021-04-13";0;"";"2021-04-13";0;"";"2021-09-10"
"b9bd104d";"";"";"";0;"";"2021-02-09";0.0;"";"2020-11-06";0.0;"";"2021-04-13";0;"";"2021-04-13";0;"";"2021-09-10"
"ba47e662";97.0;5.0;"2021-02-01";97;"DA ";"2021-02-09";0.0;"";"2020-11-06";0.0;"";"2021-04-13";0;"";"2021-04-13";0;"";"2021-09-10"
"ba506a04";76.0;4.0;"2021-02-01";76;"DA ";"2021-02-09";0.0;"";"2020-11-06";0.0;"";"2021-04-13";0;"";"2021-04-13";0;"";"2021-09-10"
"bae0cf01";48.0;2.0;"2021-02-01";48;"DA ";"2021-02-09";0.0;"";"2020-11-06";0.0;"";"2021-04-13";0;"";"2021-04-13";0;"";"2021-09-10"
"bb38e3b4";97.0;5.0;"2021-02-01";97;"DA ";"2021-02-09";0.0;"";"2020-11-06";0.0;"";"2021-04-13";0;"";"2021-04-13";0;"";"2021-09-10"
"bb5af13b";69.0;3.0;"2021-02-01";69;"DA ";"2021-02-09";0.0;"";"2020-11-06";0.0;"";"2021-04-13";0;"";"2021-04-13";0;"";"2021-09-10"
"bbd8e4ff";45.3125;2.0;"2021-02-15";36;"";"2021-02-09";45.3125;"DA ";"2021-02-18";0.0;"";"2021-04-13";0;"";"2021-04-13";0;"";"2021-09-10"
"bc5ce22b";51.56;2.0;"2021-07-13";35;"";"2021-02-09";26.5625;"";"2021-02-18";51.56;"DA ";"2021-07-15";0;"";"2021-04-13";0;"";"2021-09-10"
"bc62b484";51.0;2.0;"2021-02-01";51;"DA ";"2021-02-09";0.0;"";"2020-11-06";0.0;"";"2021-04-13";0;"";"2021-04-13";0;"";"2021-09-10"
"bd00100b";85.0;5.0;"2021-02-01";85;"DA ";"2021-02-10";0.0;"";"2020-11-06";0.0;"";"2021-04-13";0;"";"2021-04-13";0;"";"2021-09-10"
"bd73255c";"";"";"";1;"";"2021-02-09";3.125;"";"2021-02-18";0.0;"";"2021-04-13";0;"";"2021-04-13";0;"";"2021-09-10"
"be0c8c16";47.0;2.0;"2021-02-01";47;"DA ";"2021-02-09";0.0;"";"2020-11-06";0.0;"";"2021-04-13";0;"";"2021-04-13";0;"";"2021-09-10"
"be69d56a";73.0;4.0;"2021-02-01";73;"DA ";"2021-02-09";0.0;"";"2020-11-06";0.0;"";"2021-04-13";0;"";"2021-04-13";0;"";"2021-09-10"
"be944a85";"";"";"";0;"";"2021-02-09";0.0;"";"2020-11-06";0.0;"";"2021-04-13";0;"";"2021-04-13";0;"";"2021-09-10"
"beb4e179";71.0;4.0;"2021-02-01";71;"DA ";"2021-02-10";0.0;"";"2020-11-06";0.0;"";"2021-04-13";0;"";"2021-04-13";0;"";"2021-09-10"
"bf9702b2";58.0;3.0;"2021-02-01";58;"DA ";"2021-02-09";0.0;"";"2020-11-06";0.0;"";"2021-04-13";0;"";"2021-04-13";0;"";"2021-09-10"
"bfedc63c";68.0;3.0;"2021-02-01";68;"DA ";"2021-02-09";0.0;"";"2020-11-06";0.0;"";"2021-04-13";0;"";"2021-04-13";0;"";"2021-09-10"
"bfefdf57";45.3125;2.0;"2021-02-15";32;"";"2021-02-09";45.3125;"DA ";"2021-02-19";0.0;"";"2021-04-13";0;"";"2021-04-13";0;"";"2021-09-10"
"c03d8741";63.0;3.0;"2021-02-01";63;"DA ";"2021-02-09";0.0;"";"2020-11-06";0.0;"";"2021-04-13";0;"";"2021-04-13";0;"";"2021-09-10"
"c0744f36";49.0;2.0;"2021-02-01";49;"DA ";"2021-02-09";0.0;"";"2020-11-06";0.0;"";"2021-04-13";0;"";"2021-04-13";0;"";"2021-09-10"
"c0c68c15";83.0;4.0;"2021-02-01";83;"DA ";"2021-02-09";0.0;"";"2020-11-06";0.0;"";"2021-04-13";0;"";"2021-04-13";0;"";"2021-09-10"
"c1557502";69.0;3.0;"2021-02-01";69;"DA ";"2021-02-09";0.0;"";"2020-11-06";0.0;"";"2021-04-13";0;"";"2021-04-13";0;"";"2021-09-10"
"c1a8721c";48.0;2.0;"2021-02-01";48;"DA ";"2021-02-09";0.0;"";"2020-11-06";0.0;"";"2021-04-13";0;"";"2021-04-13";0;"";"2021-09-10"
"c1bd0c97";"";"";"";39;"";"2021-02-09";0.0;"";"2020-11-06";0.0;"";"2021-04-13";0;"";"2021-04-13";0;"";"2021-09-10"
"c1e974cc";48.0;2.0;"2021-02-01";48;"DA ";"2021-02-09";0.0;"";"2020-11-06";0.0;"";"2021-04-13";0;"";"2021-04-13";0;"";"2021-09-10"
"c249f693";83.0;4.0;"2021-02-01";83;"DA ";"2021-02-09";0.0;"";"2020-11-06";0.0;"";"2021-04-13";0;"";"2021-04-13";0;"";"2021-09-10"
"c2f5dbf8";59.375;3.0;"2021-02-15";39;"";"2021-02-09";59.375;"DA ";"2021-02-18";0.0;"";"2021-04-13";0;"";"2021-04-13";0;"";"2021-09-10"
"c2fe8f0f";69.0;3.0;"2021-02-01";69;"DA ";"2021-02-09";0.0;"";"2020-11-06";0.0;"";"2021-04-13";0;"";"2021-04-13";0;"";"2021-09-10"
"c314b3c1";68.0;3.0;"2021-02-01";68;"DA ";"2021-02-09";0.0;"";"2020-11-06";0.0;"";"2021-04-13";0;"";"2021-04-13";0;"";"2021-09-10"
"c38a3110";87.0;5.0;"2021-02-01";87;"DA ";"2021-02-09";0.0;"";"2020-11-06";0.0;"";"2021-04-13";0;"";"2021-04-13";0;"";"2021-09-10"
"c3c11e75";50.0;2.0;"2021-02-01";50;"DA ";"2021-02-09";0.0;"";"2020-11-06";0.0;"";"2021-04-13";0;"";"2021-04-13";0;"";"2021-09-10"
"c3cbcdb9";72.0;4.0;"2021-02-01";72;"DA ";"2021-02-09";0.0;"";"2020-11-06";0.0;"";"2021-04-13";0;"";"2021-04-13";0;"";"2021-09-10"
"c42fb647";68.0;3.0;"2021-02-01";68;"DA ";"2021-02-09";0.0;"";"2020-11-06";0.0;"";"2021-04-13";0;"";"2021-04-13";0;"";"2021-09-10"
"c45d648a";"";"";"";26;"";"2021-02-09";37.5;"";"2021-02-18";0.0;"";"2021-04-13";0;"";"2021-04-13";0;"";"2021-09-10"
"c4690b0b";"";"";"";0;"";"2021-02-09";0.0;"";"2020-11-06";0.0;"";"2021-04-13";0;"";"2021-04-13";0;"";"2021-09-10"
"c5350578";61.0;3.0;"2021-02-01";61;"DA ";"2021-02-09";0.0;"";"2020-11-06";0.0;"";"2021-04-13";0;"";"2021-04-13";0;"";"2021-09-10"
"c53ccbc0";45.0;2.0;"2021-02-01";45;"DA ";"2021-02-10";0.0;"";"2020-11-06";0.0;"";"2021-04-13";0;"";"2021-04-13";0;"";"2021-09-10"
"c5e26498";46.0;2.0;"2021-02-01";46;"DA ";"2021-02-09";0.0;"";"2020-11-06";0.0;"";"2021-04-13";0;"";"2021-04-13";0;"";"2021-09-10"
"c6112c91";52.0;2.0;"2021-02-01";52;"DA ";"2021-02-09";0.0;"";"2020-11-06";0.0;"";"2021-04-13";0;"";"2021-04-13";0;"";"2021-09-10"
"c6610c2e";"";"";"";11;"";"2021-02-09";25.0;"";"2021-02-18";0.0;"";"2021-04-13";22;"";"2021-09-10";0;"";"2021-09-10"
"c707edee";96.0;5.0;"2021-02-01";96;"DA ";"2021-02-09";0.0;"";"2020-11-06";0.0;"";"2021-04-13";0;"";"2021-04-13";0;"";"2021-09-10"
"c8cc74ac";"";"";"";27;"";"2021-02-09";25.0;"";"2021-02-18";0.0;"";"2021-04-13";3;"";"2021-09-10";0;"";"2021-09-10"
"c8cf3ffc";79.0;4.0;"2021-02-01";79;"DA ";"2021-02-09";0.0;"";"2020-11-06";0.0;"";"2021-04-13";0;"";"2021-04-13";0;"";"2021-09-10"
"c8f7a37a";"";"";"";34;"";"2021-02-09";37.5;"";"2021-02-18";0.0;"";"2021-04-13";0;"";"2021-04-13";0;"";"2021-09-10"
"ca07fc9f";77.0;4.0;"2021-02-01";77;"DA ";"2021-02-09";0.0;"";"2020-11-06";0.0;"";"2021-04-13";0;"";"2021-04-13";0;"";"2021-09-10"
"ca157ee5";78.0;4.0;"2021-02-01";78;"DA ";"2021-02-09";0.0;"";"2020-11-06";0.0;"";"2021-04-13";0;"";"2021-04-13";0;"";"2021-09-10"
"ca480341";"";"";"";9;"";"2021-02-09";0.0;"";"2020-11-06";0.0;"";"2021-04-13";0;"";"2021-04-13";0;"";"2021-09-10"
"ca6d0093";"";"";"";0;"";"2021-02-09";0.0;"";"2020-11-06";0.0;"";"2021-04-13";0;"";"2021-04-13";0;"";"2021-09-10"
"cac6a492";82.0;4.0;"2021-02-01";82;"DA ";"2021-02-09";0.0;"";"2020-11-06";0.0;"";"2021-04-13";0;"";"2021-04-13";0;"";"2021-09-10"
"caebeb82";45.3125;2.0;"2021-02-15";41;"";"2021-02-09";45.3125;"DA ";"2021-02-18";0.0;"";"2021-04-13";0;"";"2021-04-13";0;"";"2021-09-10"
"caf073c6";100.0;5.0;"2021-02-01";100;"DA ";"2021-02-09";0.0;"";"2020-11-06";0.0;"";"2021-04-13";0;"";"2021-04-13";0;"";"2021-09-10"
"cb40a6eb";52.0;2.0;"2021-02-01";52;"DA ";"2021-02-09";0.0;"";"2020-11-06";0.0;"";"2021-04-13";0;"";"2021-04-13";0;"";"2021-09-10"
"cb576a31";45.0;2.0;"2021-02-01";45;"DA ";"2021-02-09";0.0;"";"2020-11-06";0.0;"";"2021-04-13";0;"";"2021-04-13";0;"";"2021-09-10"
"cb5a0f03";79.0;4.0;"2021-02-01";79;"DA ";"2021-02-09";0.0;"";"2020-11-06";0.0;"";"2021-04-13";0;"";"2021-04-13";0;"";"2021-09-10"
"cbe7c010";45.0;2.0;"2021-02-01";45;"DA ";"2021-02-09";0.0;"";"2020-11-06";0.0;"";"2021-04-13";0;"";"2021-04-13";0;"";"2021-09-10"
"cc7dcd6b";90.0;5.0;"2021-02-01";90;"DA ";"2021-02-09";0.0;"";"2020-11-06";0.0;"";"2021-04-13";0;"";"2021-04-13";0;"";"2021-09-10"
"cc98d231";79.0;4.0;"2021-02-01";79;"DA ";"2021-02-09";0.0;"";"2020-11-06";0.0;"";"2021-04-13";0;"";"2021-04-13";0;"";"2021-09-10"
"ccac94d5";"";"";"";12;"";"2021-02-09";1.5625;"";"2021-02-18";0.0;"";"2021-04-13";0;"";"2021-04-13";0;"";"2021-09-10"
"cd15da3f";58.0;3.0;"2021-02-01";58;"DA ";"2021-02-09";0.0;"";"2020-11-06";0.0;"";"2021-04-13";0;"";"2021-04-13";0;"";"2021-09-10"
"cd4cca81";73.0;4.0;"2021-02-01";73;"DA ";"2021-02-09";0.0;"";"2020-11-06";0.0;"";"2021-04-13";0;"";"2021-04-13";0;"";"2021-09-10"
"cd811e33";"";"";"";7;"";"2021-02-09";0.0;"";"2020-11-06";0.0;"";"2021-04-13";0;"";"2021-04-13";0;"";"2021-09-10"
"cdbe602e";59.0;3.0;"2021-02-01";59;"DA ";"2021-02-09";0.0;"";"2020-11-06";0.0;"";"2021-04-13";0;"";"2021-04-13";0;"";"2021-09-10"
"cde3f370";93.0;5.0;"2021-02-01";93;"DA ";"2021-02-09";0.0;"";"2020-11-06";0.0;"";"2021-04-13";0;"";"2021-04-13";0;"";"2021-09-10"
"ce5bb77b";51.0;2.0;"2021-02-01";51;"DA ";"2021-02-09";0.0;"";"2020-11-06";0.0;"";"2021-04-13";0;"";"2021-04-13";0;"";"2021-09-10"
"ce77887f";85.0;5.0;"2021-02-01";85;"DA ";"2021-02-09";0.0;"";"2020-11-06";0.0;"";"2021-04-13";0;"";"2021-04-13";0;"";"2021-09-10"
"ce7b8c96";45.0;2.0;"2021-02-01";45;"DA ";"2021-02-09";0.0;"";"2020-11-06";0.0;"";"2021-04-13";0;"";"2021-04-13";0;"";"2021-09-10"
"ce851cc7";71.0;4.0;"2021-02-01";71;"DA ";"2021-02-09";0.0;"";"2020-11-06";0.0;"";"2021-04-13";0;"";"2021-04-13";0;"";"2021-09-10"
"cf21e673";45.0;2.0;"2021-02-01";45;"DA ";"2021-02-10";0.0;"";"2020-11-06";0.0;"";"2021-04-13";0;"";"2021-04-13";0;"";"2021-09-10"
"cf86b74c";"";"";"";15;"";"2021-02-09";0.0;"";"2020-11-06";0.0;"";"2021-04-13";0;"";"2021-04-13";0;"";"2021-09-10"
"cfa42357";68.0;3.0;"2021-02-01";68;"DA ";"2021-02-09";0.0;"";"2020-11-06";0.0;"";"2021-04-13";0;"";"2021-04-13";0;"";"2021-09-10"
"cfa7f454";"";"";"";6;"";"2021-02-09";26.5625;"";"2021-02-18";0.0;"";"2021-04-13";0;"";"2021-04-13";0;"";"2021-09-10"
"cffda98c";55.0;3.0;"2021-02-01";55;"DA ";"2021-02-09";0.0;"";"2020-11-06";0.0;"";"2021-04-13";0;"";"2021-04-13";0;"";"2021-09-10"
"d01d5011";63.0;3.0;"2021-02-01";63;"DA ";"2021-02-09";0.0;"";"2020-11-06";0.0;"";"2021-04-13";0;"";"2021-04-13";0;"";"2021-09-10"
"d04abd9d";"";"";"";41;"";"2021-02-09";37.5;"";"2021-02-18";0.0;"";"2021-04-13";19;"";"2021-09-10";13;"";"2021-09-15"
"d055946c";49.0;2.0;"2021-02-01";49;"DA ";"2021-02-09";0.0;"";"2020-11-06";0.0;"";"2021-04-13";0;"";"2021-04-13";0;"";"2021-09-10"
"d08d1659";45.0;2.0;"2021-02-01";45;"DA ";"2021-02-09";0.0;"";"2020-11-06";0.0;"";"2021-04-13";0;"";"2021-04-13";0;"";"2021-09-10"
"d0a4aa67";66.0;3.0;"2021-02-01";66;"DA ";"2021-02-09";0.0;"";"2020-11-06";0.0;"";"2021-04-13";0;"";"2021-04-13";0;"";"2021-09-10"
"d2035017";62.0;3.0;"2021-02-01";62;"DA ";"2021-02-09";0.0;"";"2020-11-06";0.0;"";"2021-04-13";0;"";"2021-04-13";0;"";"2021-09-10"
"d224f653";56.25;3.0;"2021-02-15";35;"";"2021-02-09";56.25;"DA ";"2021-02-18";0.0;"";"2021-04-13";0;"";"2021-04-13";0;"";"2021-09-10"
"d2592562";89.0;5.0;"2021-02-01";89;"DA ";"2021-02-09";0.0;"";"2020-11-06";0.0;"";"2021-04-13";0;"";"2021-04-13";0;"";"2021-09-10"
"d2c3076e";"";"";"";19;"";"2021-02-09";0.0;"";"2020-11-06";0.0;"";"2021-04-13";0;"";"2021-04-13";0;"";"2021-09-10"
"d337e394";79.0;4.0;"2021-02-01";79;"DA ";"2021-02-09";0.0;"";"2020-11-06";0.0;"";"2021-04-13";0;"";"2021-04-13";0;"";"2021-09-10"
"d35f5a62";"";"";"";17;"";"2021-02-09";0.0;"";"2020-11-06";0.0;"";"2021-04-13";0;"";"2021-04-13";0;"";"2021-09-10"
"d36fd8da";56.25;3.0;"2021-02-15";41;"";"2021-02-09";56.25;"DA ";"2021-02-18";0.0;"";"2021-04-13";0;"";"2021-04-13";0;"";"2021-09-10"
"d3bf0a7b";56.0;3.0;"2021-02-01";56;"DA ";"2021-02-09";0.0;"";"2020-11-06";0.0;"";"2021-04-13";0;"";"2021-04-13";0;"";"2021-09-10"
"d4537839";45.0;2.0;"2021-02-01";45;"DA ";"2021-02-09";0.0;"";"2020-11-06";0.0;"";"2021-04-13";0;"";"2021-04-13";0;"";"2021-09-10"
"d465a0e8";"";"";"";20;"";"2021-02-09";10.9375;"";"2021-02-18";0.0;"";"2021-04-13";0;"";"2021-04-13";0;"";"2021-09-10"
"d4e17f1b";45.0;2.0;"2021-02-01";45;"DA ";"2021-02-09";0.0;"";"2020-11-06";0.0;"";"2021-04-13";0;"";"2021-04-13";0;"";"2021-09-10"
"d4fb07f6";45.0;2.0;"2021-02-01";45;"DA ";"2021-02-09";0.0;"";"2020-11-06";0.0;"";"2021-04-13";0;"";"2021-04-13";0;"";"2021-09-10"
"d5aaa6fa";"";"";"";38;"";"2021-02-09";32.8125;"";"2021-02-18";0.0;"";"2021-04-13";27;"";"2021-09-10";28;"";"2021-09-15"
"d5b8e90c";81.0;4.0;"2021-02-01";81;"DA ";"2021-02-09";0.0;"";"2020-11-06";0.0;"";"2021-04-13";0;"";"2021-04-13";0;"";"2021-09-10"
"d64bd8cd";89.0;5.0;"2021-02-01";89;"DA ";"2021-02-09";0.0;"";"2020-11-06";0.0;"";"2021-04-13";0;"";"2021-04-13";0;"";"2021-09-10"
"d650e4e8";71.0;4.0;"2021-02-01";71;"DA ";"2021-02-09";0.0;"";"2020-11-06";0.0;"";"2021-04-13";0;"";"2021-04-13";0;"";"2021-09-10"
"d6f7f9d4";98.0;5.0;"2021-02-01";98;"DA ";"2021-02-09";0.0;"";"2020-11-06";0.0;"";"2021-04-13";0;"";"2021-04-13";0;"";"2021-09-10"
"d7ee4662";58.0;3.0;"2021-02-01";58;"DA ";"2021-02-09";0.0;"";"2020-11-06";0.0;"";"2021-04-13";0;"";"2021-04-13";0;"";"2021-09-10"
"d82e14aa";98.0;5.0;"2021-02-01";98;"DA ";"2021-02-09";0.0;"";"2020-11-06";0.0;"";"2021-04-13";0;"";"2021-04-13";0;"";"2021-09-10"
"d9438ae9";46.0;2.0;"2021-02-01";46;"DA ";"2021-02-09";0.0;"";"2020-11-06";0.0;"";"2021-04-13";0;"";"2021-04-13";0;"";"2021-09-10"
"d9791d2c";"";"";"";0;"";"2021-02-09";14.0625;"";"2021-02-18";0.0;"";"2021-04-13";34;"";"2021-09-10";28;"";"2021-09-15"
"d9b0825a";55.0;3.0;"2021-09-07";23;"";"2021-02-09";34.375;"";"2021-02-18";0.0;"";"2021-04-13";55;"DA ";"2021-09-10";0;"";"2021-09-10"
"da2cb2ca";76.0;4.0;"2021-02-01";76;"DA ";"2021-02-09";0.0;"";"2020-11-06";0.0;"";"2021-04-13";0;"";"2021-04-13";0;"";"2021-09-10"
"da7347c2";"";"";"";28;"";"2021-02-09";0.0;"";"2020-11-06";0.0;"";"2021-04-13";0;"";"2021-04-13";0;"";"2021-09-10"
"dae35098";89.0;5.0;"2021-02-01";89;"DA ";"2021-02-09";0.0;"";"2020-11-06";0.0;"";"2021-04-13";0;"";"2021-04-13";0;"";"2021-09-10"
"db0e263a";48.0;2.0;"2021-02-01";48;"DA ";"2021-02-09";0.0;"";"2020-11-06";0.0;"";"2021-04-13";0;"";"2021-04-13";0;"";"2021-09-10"
"db2666c1";82.0;4.0;"2021-02-01";82;"DA ";"2021-02-09";0.0;"";"2020-11-06";0.0;"";"2021-04-13";0;"";"2021-04-13";0;"";"2021-09-10"
"db2ac321";48.0;2.0;"2021-09-14";39;"";"2021-02-09";37.5;"";"2021-02-18";0.0;"";"2021-04-13";23;"";"2021-09-10";48;"DA ";"2021-09-15"
"db8c66b6";"";"";"";0;"";"2021-02-09";0.0;"";"2020-11-06";0.0;"";"2021-04-13";0;"";"2021-04-13";0;"";"2021-09-10"
"dbabe9a2";48.0;2.0;"2021-02-01";48;"DA ";"2021-02-09";0.0;"";"2020-11-06";0.0;"";"2021-04-13";0;"";"2021-04-13";0;"";"2021-09-10"
"dc4339a1";61.0;3.0;"2021-02-01";61;"DA ";"2021-02-09";0.0;"";"2020-11-06";0.0;"";"2021-04-13";0;"";"2021-04-13";0;"";"2021-09-10"
"dc69d5da";82.0;4.0;"2021-02-01";82;"DA ";"2021-02-09";0.0;"";"2020-11-06";0.0;"";"2021-04-13";0;"";"2021-04-13";0;"";"2021-09-10"
"dce46a08";66.0;3.0;"2021-02-01";66;"DA ";"2021-02-09";0.0;"";"2020-11-06";0.0;"";"2021-04-13";0;"";"2021-04-13";0;"";"2021-09-10"
"dd0c2b04";61.0;3.0;"2021-02-01";61;"DA ";"2021-02-09";0.0;"";"2020-11-06";0.0;"";"2021-04-13";0;"";"2021-04-13";0;"";"2021-09-10"
"dd396a73";"";"";"";29;"";"2021-02-09";29.6875;"";"2021-02-18";0.0;"";"2021-04-13";41;"";"2021-09-13";0;"";"2021-09-10"
"dda3e6ba";"";"";"";36;"";"2021-02-09";34.375;"";"2021-02-18";0.0;"";"2021-04-13";0;"";"2021-04-13";0;"";"2021-09-10"
"def04a62";92.0;5.0;"2021-02-01";92;"DA ";"2021-02-09";0.0;"";"2020-11-06";0.0;"";"2021-04-13";0;"";"2021-04-13";0;"";"2021-09-10"
"dff72097";73.0;4.0;"2021-02-01";73;"DA ";"2021-02-09";0.0;"";"2020-11-06";0.0;"";"2021-04-13";0;"";"2021-04-13";0;"";"2021-09-10"
"e138e807";51.0;2.0;"2021-02-01";51;"DA ";"2021-02-09";0.0;"";"2020-11-06";0.0;"";"2021-04-13";0;"";"2021-04-13";0;"";"2021-09-10"
"e145f68c";45.3125;2.0;"2021-02-15";35;"";"2021-02-09";45.3125;"DA ";"2021-02-18";0.0;"";"2021-04-13";0;"";"2021-04-13";0;"";"2021-09-10"
"e1da4a8f";"";"";"";0;"";"2021-02-09";0.0;"";"2020-11-06";0.0;"";"2021-04-13";0;"";"2021-04-13";0;"";"2021-09-10"
"e31528d7";55.0;3.0;"2021-09-14";38;"";"2021-02-09";0.0;"";"2020-11-06";0.0;"";"2021-04-13";33;"";"2021-09-10";55;"DA ";"2021-09-15"
"e3212f03";46.0;2.0;"2021-02-01";46;"DA ";"2021-02-09";0.0;"";"2020-11-06";0.0;"";"2021-04-13";0;"";"2021-04-13";0;"";"2021-09-10"
"e32a0410";"";"";"";0;"";"2021-02-09";0.0;"";"2020-11-06";0.0;"";"2021-04-13";0;"";"2021-04-13";0;"";"2021-09-10"
"e449673a";"";"";"";36;"";"2021-02-09";32.8125;"";"2021-02-18";0.0;"";"2021-04-13";0;"";"2021-04-13";0;"";"2021-09-10"
"e48ee905";75.0;4.0;"2021-02-01";75;"DA ";"2021-02-09";0.0;"";"2020-11-06";0.0;"";"2021-04-13";0;"";"2021-04-13";0;"";"2021-09-10"
"e4ea5164";88.0;5.0;"2021-02-01";88;"DA ";"2021-02-09";0.0;"";"2020-11-06";0.0;"";"2021-04-13";0;"";"2021-04-13";0;"";"2021-09-10"
"e5487cce";56.0;3.0;"2021-02-01";56;"DA ";"2021-02-09";0.0;"";"2020-11-06";0.0;"";"2021-04-13";0;"";"2021-04-13";0;"";"2021-09-10"
"e5618052";86.0;5.0;"2021-02-01";86;"DA ";"2021-02-09";0.0;"";"2020-11-06";0.0;"";"2021-04-13";0;"";"2021-04-13";0;"";"2021-09-10"
"e574068c";"";"";"";9;"";"2021-02-09";17.1875;"";"2021-02-18";0.0;"";"2021-04-13";23;"";"2021-09-10";36;"";"2021-09-15"
"e5bd38d5";"";"";"";20;"";"2021-02-09";37.5;"";"2021-02-18";0.0;"";"2021-04-13";22;"";"2021-09-10";22;"";"2021-09-15"
"e6bec4a6";55.0;3.0;"2021-02-01";55;"DA ";"2021-02-09";0.0;"";"2020-11-06";0.0;"";"2021-04-13";0;"";"2021-04-13";0;"";"2021-09-10"
"e6ca9279";47.0;2.0;"2021-02-01";47;"DA ";"2021-02-09";0.0;"";"2020-11-06";0.0;"";"2021-04-13";0;"";"2021-04-13";0;"";"2021-09-10"
"e74fc9bd";"";"";"";0;"";"2021-02-09";6.25;"";"2021-02-18";0.0;"";"2021-04-13";0;"";"2021-04-13";0;"";"2021-09-10"
"e810d4b4";56.0;3.0;"2021-02-01";56;"DA ";"2021-02-09";0.0;"";"2020-11-06";0.0;"";"2021-04-13";0;"";"2021-04-13";0;"";"2021-09-10"
"e814c6f7";73.0;4.0;"2021-02-01";73;"DA ";"2021-02-09";0.0;"";"2020-11-06";0.0;"";"2021-04-13";0;"";"2021-04-13";0;"";"2021-09-10"
"e8335cd4";90.0;5.0;"2021-02-01";90;"DA ";"2021-02-09";0.0;"";"2020-11-06";0.0;"";"2021-04-13";0;"";"2021-04-13";0;"";"2021-09-10"
"e869eec4";"";"";"";40;"";"2021-02-09";32.8125;"";"2021-02-18";0.0;"";"2021-04-13";36;"";"2021-09-10";0;"";"2021-09-10"
"e8ce51e3";45.0;2.0;"2021-02-01";45;"DA ";"2021-02-09";0.0;"";"2020-11-06";0.0;"";"2021-04-13";0;"";"2021-04-13";0;"";"2021-09-10"
"e9005197";45.0;2.0;"2021-02-01";45;"DA ";"2021-02-09";0.0;"";"2020-11-06";0.0;"";"2021-04-13";0;"";"2021-04-13";0;"";"2021-09-10"
"e977401b";"";"";"";0;"";"2021-02-09";0.0;"";"2020-11-06";0.0;"";"2021-04-13";0;"";"2021-04-13";0;"";"2021-09-10"
"e9a7e7a5";"";"";"";0;"";"2021-02-09";0.0;"";"2020-11-06";0.0;"";"2021-04-13";0;"";"2021-04-13";0;"";"2021-09-10"
"e9f7c56a";55.0;3.0;"2021-02-01";55;"DA ";"2021-02-09";0.0;"";"2020-11-06";0.0;"";"2021-04-13";0;"";"2021-04-13";0;"";"2021-09-10"
"ea0e122e";"";"";"";30;"";"2021-02-09";23.4375;"";"2021-02-18";0.0;"";"2021-04-13";0;"";"2021-04-13";0;"";"2021-09-10"
"ea4b7244";"";"";"";19;"";"2021-02-09";0.0;"";"2020-11-06";28.13;"";"2021-07-15";0;"";"2021-04-13";0;"";"2021-09-10"
"ea88100f";"";"";"";27;"";"2021-02-09";35.9375;"";"2021-02-18";0.0;"";"2021-04-13";30;"";"2021-09-10";41;"";"2021-09-15"
"ea8cd304";97.0;5.0;"2021-02-01";97;"DA ";"2021-02-09";0.0;"";"2020-11-06";0.0;"";"2021-04-13";0;"";"2021-04-13";0;"";"2021-09-10"
"eba73ea2";"";"";"";42;"";"2021-02-09";29.6875;"";"2021-02-18";0.0;"";"2021-04-13";11;"";"2021-09-10";0;"";"2021-09-10"
"ebb1f3e7";64.0;3.0;"2021-02-01";64;"DA ";"2021-02-09";0.0;"";"2020-11-06";0.0;"";"2021-04-13";0;"";"2021-04-13";0;"";"2021-09-10"
"ec576252";"";"";"";8;"";"2021-02-09";28.125;"";"2021-02-18";0.0;"";"2021-04-13";13;"";"2021-09-10";0;"";"2021-09-10"
"ec9154fd";"";"";"";38;"";"2021-02-09";42.1875;"";"2021-02-19";35.94;"";"2021-07-15";0;"";"2021-04-13";0;"";"2021-09-10"
"eccd37d1";57.0;3.0;"2021-02-01";57;"DA ";"2021-02-09";0.0;"";"2020-11-06";0.0;"";"2021-04-13";0;"";"2021-04-13";0;"";"2021-09-10"
"ed7432c1";85.0;5.0;"2021-02-01";85;"DA ";"2021-02-10";0.0;"";"2020-11-06";0.0;"";"2021-04-13";0;"";"2021-04-13";0;"";"2021-09-10"
"edd26f36";85.0;5.0;"2021-02-01";85;"DA ";"2021-02-10";0.0;"";"2020-11-06";0.0;"";"2021-04-13";0;"";"2021-04-13";0;"";"2021-09-10"
"ee1027bc";"";"";"";13;"";"2021-02-09";0.0;"";"2020-11-06";0.0;"";"2021-04-13";0;"";"2021-04-13";0;"";"2021-09-10"
"ee41b776";80.0;4.0;"2021-02-01";80;"DA ";"2021-02-09";0.0;"";"2020-11-06";0.0;"";"2021-04-13";0;"";"2021-04-13";0;"";"2021-09-10"
"ee503f04";50.0;2.0;"2021-02-01";50;"DA ";"2021-02-09";0.0;"";"2020-11-06";0.0;"";"2021-04-13";0;"";"2021-04-13";0;"";"2021-09-10"
"eea33f40";80.0;4.0;"2021-02-01";80;"DA ";"2021-02-09";0.0;"";"2020-11-06";0.0;"";"2021-04-13";0;"";"2021-04-13";0;"";"2021-09-10"
"eec05d75";54.0;2.0;"2021-02-01";54;"DA ";"2021-02-09";0.0;"";"2020-11-06";0.0;"";"2021-04-13";0;"";"2021-04-13";0;"";"2021-09-10"
"ef366961";47.0;2.0;"2021-02-01";47;"DA ";"2021-02-09";0.0;"";"2020-11-06";0.0;"";"2021-04-13";0;"";"2021-04-13";0;"";"2021-09-10"
"ef3a8f75";85.0;5.0;"2021-02-01";85;"DA ";"2021-02-09";0.0;"";"2020-11-06";0.0;"";"2021-04-13";0;"";"2021-04-13";0;"";"2021-09-10"
"efcbc95d";"";"";"";34;"";"2021-02-09";29.6875;"";"2021-02-18";0.0;"";"2021-04-13";0;"";"2021-04-13";0;"";"2021-09-10"
"efe55388";64.0;3.0;"2021-02-01";64;"DA ";"2021-02-09";0.0;"";"2020-11-06";0.0;"";"2021-04-13";0;"";"2021-04-13";0;"";"2021-09-10"
"f0495e60";"";"";"";13;"";"2021-02-09";3.125;"";"2021-02-18";0.0;"";"2021-04-13";3;"";"2021-09-10";0;"";"2021-09-10"
"f1f30e87";"";"";"";38;"";"2021-02-09";34.375;"";"2021-02-18";0.0;"";"2021-04-13";31;"";"2021-09-10";38;"";"2021-09-15"
"f24c3280";87.5;5.0;"2021-02-15";76;"DA ";"2021-02-09";87.5;"DA ";"2021-02-19";0.0;"";"2021-04-13";0;"";"2021-04-13";0;"";"2021-09-10"
"f2629576";77.0;4.0;"2021-02-01";77;"DA ";"2021-02-09";0.0;"";"2020-11-06";0.0;"";"2021-04-13";0;"";"2021-04-13";0;"";"2021-09-10"
"f370a971";81.0;4.0;"2021-02-01";81;"DA ";"2021-02-09";0.0;"";"2020-11-06";0.0;"";"2021-04-13";0;"";"2021-04-13";0;"";"2021-09-10"
"f3d88b33";78.0;4.0;"2021-02-01";78;"DA ";"2021-02-09";0.0;"";"2020-11-06";0.0;"";"2021-04-13";0;"";"2021-04-13";0;"";"2021-09-10"
"f437f2e0";86.0;5.0;"2021-02-01";86;"DA ";"2021-02-09";0.0;"";"2020-11-06";0.0;"";"2021-04-13";0;"";"2021-04-13";0;"";"2021-09-10"
"f43cff66";68.0;3.0;"2021-02-01";68;"DA ";"2021-02-09";0.0;"";"2020-11-06";0.0;"";"2021-04-13";0;"";"2021-04-13";0;"";"2021-09-10"
"f46022ba";86.0;5.0;"2021-02-01";86;"DA ";"2021-02-09";0.0;"";"2020-11-06";0.0;"";"2021-04-13";0;"";"2021-04-13";0;"";"2021-09-10"
"f4a5fe02";71.0;4.0;"2021-02-01";71;"DA ";"2021-02-09";0.0;"";"2020-11-06";0.0;"";"2021-04-13";0;"";"2021-04-13";0;"";"2021-09-10"
"f4f19cdb";68.0;3.0;"2021-02-01";68;"DA ";"2021-02-09";0.0;"";"2020-11-06";0.0;"";"2021-04-13";0;"";"2021-04-13";0;"";"2021-09-10"
"f56966a7";61.0;3.0;"2021-02-01";61;"DA ";"2021-02-09";0.0;"";"2020-11-06";0.0;"";"2021-04-13";0;"";"2021-04-13";0;"";"2021-09-10"
"f56ee235";45.0;2.0;"2021-09-14";27;"";"2021-02-09";42.1875;"";"2021-02-18";14.06;"";"2021-07-15";0;"";"2021-04-13";45;"DA ";"2021-09-15"
"f5a8457d";"";"";"";21;"";"2021-02-09";0.0;"";"2020-11-06";0.0;"";"2021-04-13";0;"";"2021-04-13";0;"";"2021-09-10"
"f5afd217";"";"";"";20;"";"2021-02-09";20.3125;"";"2021-02-18";0.0;"";"2021-04-13";0;"";"2021-04-13";0;"";"2021-09-10"
"f5e06e7b";62.0;3.0;"2021-02-01";62;"DA ";"2021-02-10";0.0;"";"2020-11-06";0.0;"";"2021-04-13";0;"";"2021-04-13";0;"";"2021-09-10"
"f67c081e";56.25;3.0;"2021-02-15";43;"";"2021-02-09";56.25;"DA ";"2021-02-18";0.0;"";"2021-04-13";0;"";"2021-04-13";0;"";"2021-09-10"
"f68ae400";"";"";"";14;"";"2021-02-09";0.0;"";"2020-11-06";0.0;"";"2021-04-13";0;"";"2021-04-13";0;"";"2021-09-10"
"f71dc651";64.0;3.0;"2021-02-01";64;"DA ";"2021-02-09";0.0;"";"2020-11-06";0.0;"";"2021-04-13";0;"";"2021-04-13";0;"";"2021-09-10"
"f77012e0";63.0;3.0;"2021-02-01";63;"DA ";"2021-02-09";0.0;"";"2020-11-06";0.0;"";"2021-04-13";0;"";"2021-04-13";0;"";"2021-09-10"
"f92a4cb0";79.0;4.0;"2021-02-01";79;"DA ";"2021-02-09";0.0;"";"2020-11-06";0.0;"";"2021-04-13";0;"";"2021-04-13";0;"";"2021-09-10"
"f98bd20c";58.0;3.0;"2021-02-01";58;"DA ";"2021-02-09";0.0;"";"2020-11-06";0.0;"";"2021-04-13";0;"";"2021-04-13";0;"";"2021-09-10"
"f99c3fa3";50.0;2.0;"2021-02-01";50;"DA ";"2021-02-09";0.0;"";"2020-11-06";0.0;"";"2021-04-13";0;"";"2021-04-13";0;"";"2021-09-10"
"f9b3d2c8";"";"";"";15;"";"2021-02-09";9.375;"";"2021-02-18";0.0;"";"2021-04-13";0;"";"2021-04-13";0;"";"2021-09-10"
"fa07ffc2";"";"";"";36;"";"2021-02-09";25.0;"";"2021-02-18";0.0;"";"2021-04-13";17;"";"2021-09-10";0;"";"2021-09-10"
"faa4549e";57.8125;3.0;"2021-02-15";33;"";"2021-02-09";57.8125;"DA ";"2021-02-18";0.0;"";"2021-04-13";0;"";"2021-04-13";0;"";"2021-09-10"
"fb3da529";67.0;3.0;"2021-02-01";67;"DA ";"2021-02-09";0.0;"";"2020-11-06";0.0;"";"2021-04-13";0;"";"2021-04-13";0;"";"2021-09-10"
"fb57e533";45.0;2.0;"2021-02-01";45;"DA ";"2021-02-09";0.0;"";"2020-11-06";0.0;"";"2021-04-13";0;"";"2021-04-13";0;"";"2021-09-10"
"fb629792";"";"";"";21;"";"2021-02-09";0.0;"";"2020-11-06";0.0;"";"2021-04-13";0;"";"2021-04-13";0;"";"2021-09-10"
"fc2d6160";54.0;2.0;"2021-02-01";54;"DA ";"2021-02-09";0.0;"";"2020-11-06";0.0;"";"2021-04-13";0;"";"2021-04-13";0;"";"2021-09-10"
"fc4d8906";45.0;2.0;"2021-09-07";36;"";"2021-02-09";28.125;"";"2021-02-18";0.0;"";"2021-04-13";45;"DA ";"2021-09-13";0;"";"2021-09-10"
"fc87962d";91.0;5.0;"2021-02-01";91;"DA ";"2021-02-09";0.0;"";"2020-11-06";0.0;"";"2021-04-13";0;"";"2021-04-13";0;"";"2021-09-10"
"fca7599c";51.0;2.0;"2021-02-01";51;"DA ";"2021-02-09";0.0;"";"2020-11-06";0.0;"";"2021-04-13";0;"";"2021-04-13";0;"";"2021-09-10"
"fd10d4e7";"";"";"";9;"";"2021-02-09";6.25;"";"2021-02-18";0.0;"";"2021-04-13";11;"";"2021-09-10";0;"";"2021-09-10"
"fdb5e965";"";"";"";17;"";"2021-02-09";7.8125;"";"2021-02-18";0.0;"";"2021-04-13";17;"";"2021-09-10";0;"";"2021-09-10"
"fe17da9f";58.0;3.0;"2021-02-01";58;"DA ";"2021-02-09";0.0;"";"2020-11-06";0.0;"";"2021-04-13";0;"";"2021-04-13";0;"";"2021-09-10"
"fe19f6a4";61.0;3.0;"2021-02-01";61;"DA ";"2021-02-09";0.0;"";"2020-11-06";0.0;"";"2021-04-13";0;"";"2021-04-13";0;"";"2021-09-10"
"febcc8fa";47.0;2.0;"2021-02-01";47;"DA ";"2021-02-09";0.0;"";"2020-11-06";0.0;"";"2021-04-13";0;"";"2021-04-13";0;"";"2021-09-10"
"fec7b15e";"";"";"";0;"";"2021-02-09";0.0;"";"2020-11-06";0.0;"";"2021-04-13";0;"";"2021-04-13";0;"";"2021-09-10"
"fec9b02e";70.3125;4.0;"2021-02-15";38;"";"2021-02-09";70.3125;"DA ";"2021-02-19";0.0;"";"2021-04-13";0;"";"2021-04-13";0;"";"2021-09-10"
"ff80f0d3";"";"";"";38;"";"2021-02-09";0.0;"";"2020-11-06";0.0;"";"2021-04-13";31;"";"2021-09-13";42;"";"2021-09-16"
"ffb15fad";"";"";"";8;"";"2021-02-09";15.625;"";"2021-02-18";0.0;"";"2021-04-13";0;"";"2021-04-13";0;"";"2021-09-10"
"ffd40f9c";"";"";"";17;"";"2021-02-09";12.5;"";"2021-02-18";0.0;"";"2021-04-13";23;"";"2021-09-10";0;"";"2021-09-10"
"ffe4008d";76.0;4.0;"2021-02-01";76;"DA ";"2021-02-10";0.0;"";"2020-11-06";0.0;"";"2021-04-13";0;"";"2021-04-13";0;"";"2021-09-10"
